mes,cpf_unicos,cnpj_unicos
2019-08-01,182935,1990
2019-09-01,157808,2260
2019-10-01,126549,2294
2019-11-01,109435,1936
2019-12-01,93843,2987
2020-01-01,104950,2877
2020-02-01,104590,2173
2020-03-01,100692,2248
2020-04-01,106036,1398
2020-05-01,126228,1817
2020-06-01,99382,2700
2020-07-01,116589,3777
2020-08-01,126597,3377
2020-09-01,104721,3514
2020-10-01,111508,3172
2020-11-01,169139,4107
2020-12-01,202730,4469
2021-01-01,353334,4236
2021-02-01,423038,4477
2021-03-01,470821,4410
2021-04-01,619125,5506
2021-05-01,596906,7070
2021-06-01,357085,7380
2021-07-01,312276,7268
2021-08-01,437459,6983
2021-09-01,422631,7766
2021-10-01,531374,5602
2021-11-01,526734,6898
2021-12-01,952285,8164
2022-01-01,844261,10469
2022-02-01,645032,11612
2022-03-01,669983,14109
2022-04-01,683268,35084
2022-05-01,682120,31008
2022-06-01,1002603,32016
2022-07-01,1503913,32800
2022-08-01,1457352,38555
2022-09-01,1588847,41417
2022-10-01,1351605,43647
2022-11-01,1255892,50007
2022-12-01,851844,65579
2023-01-01,1444234,116415
2023-02-01,1205787,127775
2023-03-01,1640154,153148
2023-04-01,2064521,168320
2023-05-01,2013872,198027
2023-06-01,3489636,217043
2023-07-01,4406776,241659
2023-08-01,9078782,278735
2023-09-01,9180376,293982
2023-10-01,9092656,330814
2023-11-01,9208489,372390
2023-12-01,1951011,374578
2024-01-01,8888313,402012
2024-02-01,8541633,421419
2024-03-01,7329462,23874
2024-04-01,6849893,23841
2024-05-01,6094024,25131
2024-06-01,5789067,22020
2024-07-01,5411759,23866
2024-08-01,5093357,25921
2024-09-01,4567521,25882
2024-10-01,1884039,23294
2024-11-01,2999797,26024
2024-12-01,6190941,84816
2025-01-01,6028331,93180
2025-02-01,4763310,91305
2025-03-01,4814142,91349
2025-04-01,5112080,100126
2025-05-01,5266356,110683
2025-06-01,1328657,25578
2025-07-01,4495622,93008
2025-08-01,5170252,117058
2025-09-01,4812426,103877
2025-10-01,4980864,107365
2025-11-01,4893669,105746
2025-12-01,3565329,69154
2026-01-01,4011675,70050
2026-02-01,4048093,82641
2026-03-01,4262232,92133
2026-04-01,5077018,110721
2026-05-01,4726702,116407
2026-06-01,4667864,107067
