mes,ext_pf,ext_pj,ext_subtotal,sem_pf,sem_pj,sem_subtotal,exchange_br,total_geral,pf_declarante_rs_mi,pj_declarante_rs_mi,base_autodeclarada_rs_mi,share_pf_autodeclarada,share_exchange_br,share_exchange_ext,share_sem_exchange,total_geral_bi
2019-08-01,376.24560221999894,745.3331870799998,1121.5787892999988,114.87943628000006,269.53592715000025,384.4153634300003,2531.017851830215,4037.0120045602143,491.125038499999,1014.86911423,1505.994152729999,0.3261135095443162,0.6269532636938344,0.2778239916138624,0.09522274469230316,4.037012004560214
2019-09-01,249.5455027900003,1955.4540531299956,2204.999555919996,191.30694164000002,721.8239797700065,913.1309214100065,2757.3278650800858,5875.458342410088,440.85244443000033,2677.278032900002,3118.1304773300026,0.14138357828037207,0.46929579011346395,0.37528979484101227,0.15541441504552375,5.875458342410088
2019-10-01,305.66400393999965,1238.59519005998,1544.2591939999797,314.42070536000017,1178.7129496399998,1493.133655,3458.4957077099525,6495.888556709932,620.0847092999998,2417.3081396999796,3037.39284899998,0.20415031578946208,0.5324130297982863,0.23772870801560106,0.22985826218611258,6.495888556709932
2019-11-01,16.58018846,1529.7780972199744,1546.3582856799744,1.2417706800000001,1007.9726037500005,1009.2143744300005,2974.6046451699044,5530.17730527988,17.821959139999997,2537.750700969975,2555.572660109975,0.006973763422258969,0.5378859448737622,0.27962182771311955,0.1824922274131181,5.53017730527988
2019-12-01,86.07884276000009,1139.8928707699952,1225.9717135299952,80.98546822999998,2377.1894113700005,2458.1748796000006,3056.4262129601498,6740.572806090146,167.06431099000008,3517.0822821399956,3684.146593129996,0.04534681418528049,0.4534371634111943,0.18187945576707112,0.36468338082173457,6.740572806090146
2020-01-01,152.29390568999955,1625.8725682299962,1778.1664739199957,600.27585874,1414.181832410001,2014.4576911500012,3384.789013150331,7177.413178220328,752.5697644299995,3040.0544006399973,3792.6241650699967,0.1984298289720226,0.4715889874392887,0.24774475563365855,0.2806662569270528,7.177413178220328
2020-02-01,90.36309600000136,2859.7974972000093,2950.1605932000107,90.67026006,899.7995203000002,990.4697803600002,2588.7667171900434,6529.397090750054,181.03335606000138,3759.5970175000093,3940.630373560011,0.04594020217543361,0.3964786765469433,0.451827412576789,0.15169391087626768,6.529397090750054
2020-03-01,50.680935919999996,3775.6424960500153,3826.3234319700155,190.14497673000002,947.2007194300003,1137.3456961600002,2758.6623824700337,7722.331510600049,240.82591265000002,4722.843215480016,4963.669128130015,0.04851772074919253,0.35723179957806256,0.49548810831519174,0.14728009210674575,7.722331510600049
2020-04-01,17.684056450000007,3778.770557930021,3796.4546143800208,4.0842550200000005,212.27579326999998,216.36004828999998,1760.1051765701,5772.919839240121,21.768311470000008,3991.046351200021,4012.814662670021,0.005424698945731012,0.30488993881504844,0.6576316179854909,0.03747844319946058,5.772919839240121
2020-05-01,13.752757969999996,3237.4260161499983,3251.1787741199983,11.112051629999998,355.62322740000013,366.73527903000013,2832.91684071007,6450.8308938600685,24.864809599999994,3593.049243549998,3617.9140531499984,0.006872692174196627,0.43915534096645653,0.503993799808717,0.05685085922482645,6.4508308938600685
2020-06-01,15.684421489999984,2652.6639273599976,2668.348348849998,7.9343873,813.1513972800007,821.0857845800007,3191.704976209958,6681.139109639957,23.618808789999985,3465.8153246399984,3489.4341334299984,0.006768664455856479,0.4777186829720056,0.39938524031028505,0.12289607671770938,6.681139109639957
2020-07-01,17.917042559999977,4107.578577970003,4125.495620530002,64.22253393999998,1036.8388509700003,1101.0613849100002,5275.520530640083,10502.077536080085,82.13957649999995,5144.417428940003,5226.557005440002,0.015715809932715916,0.5023311351983388,0.3928266199098973,0.10484224489176386,10.502077536080085
2020-08-01,37.29578110999994,3679.803385470002,3717.099166580002,307.82658859000003,1166.1021514300003,1473.9287400200003,4496.100512040033,9687.128418640035,345.1223697,4845.9055369000025,5191.027906600002,0.06648439883384229,0.4641314038315635,0.3837152772154373,0.15215331895299922,9.687128418640036
2020-09-01,89.38609881999997,738.7913608599994,828.1774596799994,15.716328149999999,1104.5488334800002,1120.2651616300002,4963.814311560068,6912.256932870067,105.10242696999997,1843.3401943399995,1948.4426213099996,0.05394176139471651,0.7181177377761364,0.1198128871254397,0.16206937509842392,6.912256932870068
2020-10-01,64.74725947999997,681.1023669399974,745.8496264199973,7.947413400000004,1203.1632079800024,1211.1106213800024,4479.979892280037,6436.940140080037,72.69467287999997,1884.2655749199998,1956.9602477999997,0.03714672945540043,0.6959797349031015,0.11587021320517102,0.18815005189172745,6.436940140080037
2020-11-01,117.89281301000003,892.6559417800005,1010.5487547900005,12.173087890000003,1364.0549431499992,1376.2280310399992,7492.79735951054,9879.57414534054,130.06590090000003,2256.71088493,2386.77678583,0.05449437151902318,0.7584129891918808,0.10228667146210964,0.13930033934600952,9.879574145340541
2020-12-01,75.82811786999976,1034.3144222700034,1110.1425401400031,104.1847902500003,1843.1623087399998,1947.3470989900002,8106.035477050965,11163.525116180968,180.01290812000008,2877.4767310100033,3057.4896391300035,0.058876048447124754,0.7261179056516542,0.09944372665323316,0.1744383676951126,11.163525116180969
2021-01-01,300.0310048599999,1168.268184450004,1468.2991893100038,66.83758454000014,1383.9425630199921,1450.7801475599922,12848.225179218454,15767.30451608845,366.8685894,2552.210747469996,2919.079336869996,0.12567955408617895,0.8148650370840836,0.09312303113140223,0.09201193178451414,15.76730451608845
2021-02-01,329.73425260999903,1461.6365706200004,1791.3708232299994,72.40851192999999,1419.9000314799978,1492.3085434099978,13895.905388819412,17179.584755459407,402.142764539999,2881.536602099998,3283.679366639997,0.12246712289436738,0.8088615404050151,0.10427323178813908,0.08686522780684586,17.17958475545941
2021-03-01,232.70870961000003,2040.8678362600108,2273.5765458700107,53.390946599999936,1392.653175139994,1446.044121739994,14976.366792350656,18695.987459960663,286.09965621,3433.5210114000047,3719.6206676100046,0.07691635297688292,0.8010471136881137,0.12160772736605133,0.07734515894583492,18.695987459960662
2021-04-01,269.7102882200001,2187.906055070001,2457.616343290001,103.53095544000026,2426.1842417499915,2529.7151971899916,18594.877710103214,23582.209250583204,373.24124366000035,4614.090296819993,4987.331540479992,0.07483786482421795,0.7885129638413054,0.1042148476071733,0.10727218855152132,23.582209250583205
2021-05-01,445.08198135999885,2589.8171890000067,3034.8991703600054,115.29299807000099,2918.324538269934,3033.6175363399348,20537.196772860647,26605.71347956059,560.3749794299998,5508.14172726994,6068.51670669994,0.09234134245874587,0.7719092663550639,0.1140694525140819,0.11402128113085419,26.60571347956059
2021-06-01,232.90561223000034,2186.422210469996,2419.3278226999964,46.012810349999846,3021.440230519987,3067.4530408699866,11277.870579591177,16764.65144316116,278.9184225800002,5207.862440989983,5486.780863569983,0.05083462042960496,0.672717271684869,0.14431125102138154,0.18297147729374946,16.76465144316116
2021-07-01,231.35330772999973,1719.3301216500017,1950.6834293800014,117.11867443999783,2834.5320632399894,2951.6507376799873,9350.618930470688,14252.953097530677,348.47198216999755,4553.862184889991,4902.334167059988,0.07108286997477,0.6560478285788144,0.13686170269640172,0.20709046872478382,14.252953097530677
2021-08-01,346.8470216099998,1767.714798370001,2114.561819980001,151.98479331000064,3179.8388108200056,3331.823604130006,11707.093182131921,17153.47860624193,498.8318149200004,4947.553609190007,5446.385424110007,0.09158951783173047,0.6824909075802188,0.12327306131425372,0.1942360311055274,17.15347860624193
2021-09-01,596.2831243199989,1448.2086464399981,2044.491770759997,227.0535152299997,2652.401027420026,2879.454542650026,8654.20365187142,13578.149965281442,823.3366395499986,4100.6096738600245,4923.946313410022,0.1672107263451876,0.63736250328651,0.15057218958309096,0.21206530713039903,13.578149965281442
2021-10-01,446.67728234000043,1775.320168639997,2221.9974509799977,266.4408803800043,2646.5815371899967,2913.022417570001,10461.582643155105,15596.602511705103,713.1181627200046,4421.901705829994,5135.019868549998,0.13887349630087634,0.6707603553596873,0.14246676154710036,0.18677288309321247,15.596602511705104
2021-11-01,418.2084048700017,1951.62245509999,2369.8308599699917,230.10706890999765,4311.594409620058,4541.701478530056,13334.70209049346,20246.234428993506,648.3154737799994,6263.216864720049,6911.532338500048,0.09380198804375381,0.658626281210968,0.11705045045691502,0.22432326833211702,20.246234428993507
2021-12-01,367.25929992000044,1548.2939617599986,1915.5532616799992,225.06719830000307,2901.9866405600255,3127.0538388600285,10936.11959039203,15978.726690932059,592.3264982200035,4450.280602320025,5042.607100540028,0.11746433668341312,0.6844174634139207,0.11988147107911154,0.19570106550696773,15.978726690932058
2022-01-01,300.97524189999996,1660.4256649999952,1961.400906899995,83.85775711999905,2949.6691091199946,3033.5268662399935,10847.759038662613,15842.686811802601,384.832999019999,4610.09477411999,4994.927773139989,0.07704475750168442,0.6847171295831695,0.1238048148145412,0.19147805560228928,15.8426868118026
2022-02-01,181.89494694000027,1162.7197166299986,1344.6146635699988,73.3829349199998,2226.061711300011,2299.4446462200112,10002.506784269803,13646.566094059814,255.27788186000006,3388.78142793001,3644.05930979001,0.070053163288034,0.7329687714350186,0.09853135611568198,0.16849987244929931,13.646566094059814
2022-03-01,153.80543000000043,961.7911542500005,1115.596584250001,108.15639892999968,2688.5652345199906,2796.7216334499903,9909.677138580917,13821.995356280908,261.96182893000014,3650.356388769991,3912.3182176999912,0.06695821105370223,0.7169498240409856,0.08071168854380045,0.20233848741521396,13.821995356280908
2022-04-01,147.8730184199998,1006.652300230003,1154.5253186500029,119.5484441899997,2075.2673266399643,2194.815770829964,10478.602580229834,13827.9436697098,267.4214626099995,3081.919626869967,3349.341089479967,0.07984300656924746,0.7577845868133871,0.08349219133565014,0.15872322185096271,13.8279436697098
2022-05-01,216.3661116800002,1571.0103150599869,1787.376426739987,74.74001996999984,3053.7402904403684,3128.4803104103685,13178.464147800622,18094.320884950976,291.10613165,4624.750605500355,4915.856737150356,0.059217781805974604,0.7283204620716732,0.09878107269704417,0.1728984652312827,18.094320884950974
2022-06-01,562.6350580099995,1439.4311802400014,2002.0662382500009,83.66801142996786,3120.971809689977,3204.639821119945,10028.856389671355,15235.562449041301,646.3030694399674,4560.4029899299785,5206.706059369946,0.12412897176649441,0.6582531116402874,0.13140743867818158,0.21033944968153093,15.235562449041302
2022-07-01,196.35221163000202,1231.18263702,1427.534848650002,34.63377851999993,3531.911720000148,3566.5454985201477,9747.345440020646,14741.425787190796,230.98599015000195,4763.094357020148,4994.080347170149,0.04625195713578939,0.6612213486493529,0.09683831599860739,0.24194033535203976,14.741425787190796
2022-08-01,182.15270520000016,1222.8649351099975,1405.0176403099977,39.60314123999991,2018.010226869976,2057.613368109976,11656.107759180315,15118.738767600289,221.75584644000006,3240.875161979973,3462.6310084199736,0.06404258666336758,0.7709709082453061,0.09293219903507917,0.13609689271961467,15.11873876760029
2022-09-01,152.84957169999984,897.5852508799935,1050.4348225799934,39.38871418999984,1460.2281468999931,1499.6168610899929,10223.596292019896,12773.647975689883,192.23828588999967,2357.8133977799866,2550.0516836699862,0.07538603516197522,0.8003662157808711,0.08223452099033293,0.11739926322879593,12.773647975689883
2022-10-01,231.84792145999995,822.9444015599994,1054.7923230199995,34.74309892999998,1676.3268304499102,1711.0699293799103,11489.994952260615,14255.857204660524,266.5910203899999,2499.2712320099095,2765.8622523999097,0.09638622464248958,0.8059841500449588,0.07399010160365291,0.12002574835138832,14.255857204660524
2022-11-01,303.7615181100001,1017.953277400004,1321.714795510004,62.771541870000306,2052.2619267499845,2115.033468619985,13126.383010750178,16563.13127488017,366.5330599800004,3070.2152041499885,3436.748264129989,0.10665112245944149,0.7925061265835524,0.07979860653006667,0.12769526688638086,16.563131274880167
2022-12-01,256.8202824300001,1091.30563586,1348.12591829,55.59677658999969,1442.0316193600072,1497.628395950007,11816.704204930305,14662.458519170312,312.4170590199998,2533.337255220007,2845.7543142400073,0.10978356685841817,0.805915610228711,0.09194405675742603,0.10214033301386291,14.662458519170311
2023-01-01,60.88798956,1016.1251655700065,1077.0131551300065,56.80949863999982,1736.1802311099925,1792.9897297499924,15579.636267725431,18449.63915260543,117.69748819999982,2752.305396679999,2870.002884879999,0.041009536547877375,0.844441245644921,0.05837583847692286,0.0971829158781563,18.449639152605428
2023-02-01,54.388820910005464,879.1321850900002,933.5210060000057,176.2475413599969,1515.0701903399993,1691.317731699996,14510.859903441193,17135.698641141193,230.63636227000234,2394.2023754299994,2624.8387377000017,0.08786686928892858,0.8468204423601375,0.05447814095882324,0.09870141668103932,17.135698641141193
2023-03-01,87.30087890999991,1471.9199549099847,1559.2208338199846,54.981810659999965,2731.584775929985,2786.566586589985,17963.869613560088,22309.657033970056,142.2826895699999,4203.50473083997,4345.78742040997,0.032740370341579506,0.8052059960494774,0.0698899508605542,0.1249040530899685,22.309657033970055
2023-04-01,71.49629373999997,4672.802653830007,4744.298947570007,72.41403164998601,2486.3912189101593,2558.8052505601454,16808.45905690356,24111.563255033714,143.91032538998599,7159.193872740167,7303.104198130152,0.01970536384060247,0.6971119574088378,0.19676446928755442,0.10612357330360775,24.111563255033715
2023-05-01,60.43802233000009,1978.4872824600059,2038.925304790006,28.626467629999954,3156.6218499700194,3185.248317600019,15005.102940966477,20229.276563356503,89.06448996000005,5135.109132430025,5224.173622390025,0.017048531767451792,0.741751831508738,0.1007908166366826,0.15745735185457926,20.229276563356503
2023-06-01,74.4564513600001,2853.1841753799945,2927.640626739995,97.78071235999988,4044.1061219782814,4141.886834338281,16669.876741156626,23739.404202234902,172.23716371999998,6897.290297358276,7069.527461078276,0.024363320556891874,0.7022028269600494,0.1233240986926023,0.17447307434734824,23.7394042022349
2023-07-01,54.55143906000005,2574.3592517900083,2628.9106908500085,85.17605787000005,3730.555988048971,3815.732045918971,18297.60704399646,24742.24978076544,139.7274969300001,6304.91523983898,6444.642736768979,0.021681185852678073,0.7395288304873946,0.10625188550532363,0.1542192840072818,24.74224978076544
2023-08-01,50.84918872000006,3342.2037681700094,3393.0529568900097,148.23895941999996,4603.388085418419,4751.627044838419,20147.020298244843,28291.700299973272,199.08814814000002,7945.591853588428,8144.6800017284295,0.024443949682215922,0.7121176912178685,0.11993103705022688,0.16795127173190466,28.29170029997327
2023-09-01,33.44487199000009,2327.4813781000094,2360.9262500900095,83.00718305,3839.4870314685663,3922.4942145185664,14226.629360665223,20510.0498252738,116.45205504000009,6166.968409568575,6283.420464608576,0.018533226559629006,0.6936418722461736,0.11511070281168818,0.19124742494213823,20.5100498252738
2023-10-01,130.51634932000007,2557.2141825000053,2687.7305318200056,101.07375751000002,5163.107237376379,5264.180994886379,18359.814581399194,26311.726108105577,231.59010683000008,7720.321419876384,7951.911526706384,0.029123828409333773,0.6977806969396538,0.10214953290320336,0.20006977015714292,26.311726108105578
2023-11-01,119.22430578000053,3280.9724288800003,3400.196734660001,82.23087537999986,7130.636574473605,7212.867449853605,17077.21815469254,27690.282339206144,201.4551811600004,10411.609003353606,10613.064184513605,0.01898181125239591,0.6167224279440889,0.12279386295190378,0.2604837091040073,27.690282339206142
2023-12-01,104.68879280000003,3420.3960701200017,3525.084862920002,113.45096684999977,6368.352985520001,6481.803952370001,20892.72858281472,30899.617398104725,218.1397596499998,9788.749055640003,10006.888815290004,0.02179895906474884,0.6761484556147355,0.1140818288299006,0.20976971555536386,30.899617398104724
2024-01-01,108.42403063000015,3425.968419769994,3534.3924503999942,272.29330839999983,7028.67031257777,7300.96362097777,22358.733348683487,33194.08942006125,380.71733902999995,10454.638732347765,10835.356071377764,0.035136578486394864,0.6735757401186825,0.10647655989815889,0.21994769998315855,33.19408942006125
2024-02-01,135.8728851600001,3421.7112381399993,3557.584123299999,543.4688004699993,5086.197751072183,5629.666551542182,19425.509764153176,28612.760438995356,679.3416856299995,8507.908989212181,9187.25067484218,0.07394395882658,0.6789107190678049,0.12433557855716322,0.19675370237503198,28.612760438995355
2024-03-01,196.90138582000063,6930.79437454986,7127.69576036986,553.5117007299992,6042.308823977058,6595.820524707057,22468.153181148333,36191.66946622525,750.4130865499999,12973.103198526918,13723.516285076917,0.05468081728922537,0.6208100790187653,0.19694299449273986,0.18224692648849486,36.19166946622525
2024-04-01,269.24358174,5931.442985709981,6200.686567449981,616.2218607599997,5640.923956196657,6257.145816956657,21255.894955863252,33713.72734026989,885.4654424999997,11572.36694190664,12457.832384406638,0.07107700723348383,0.6304819025594306,0.1839217154741438,0.1855963819664256,33.71372734026989
2024-05-01,197.2165273499998,3698.5077034599467,3895.7242308099467,97.99152348999984,5760.0051769414185,5857.9967004314185,19756.52993058253,29510.250861823894,295.20805083999966,9458.512880401366,9753.720931241365,0.030266198194623582,0.6694802434275704,0.1320125758690067,0.19850718070342296,29.510250861823895
2024-06-01,155.58228989999992,3712.5317427299983,3868.1140326299983,97.99174813999994,4830.079985306789,4928.071733446789,19400.439791657864,28196.625557734653,253.57403803999986,8542.611728036787,8796.185766076787,0.02882772656052001,0.6880411896073891,0.13718357981205062,0.17477523058056013,28.196625557734652
2024-07-01,150.61892431999993,5893.350426039995,6043.969350359995,224.80276178,4558.379104619402,4783.181866399402,20077.27737633287,30904.428593092267,375.42168609999993,10451.729530659397,10827.151216759397,0.03467409649907567,0.649656967960266,0.19556968452446774,0.1547733475152663,30.904428593092266
2024-08-01,161.15605051999998,4899.752880910083,5060.908931430083,157.78895593000004,5488.301043497574,5646.089999427574,24017.931445354025,34724.93037621168,318.94500645000005,10388.053924407657,10706.998930857657,0.02978845972710411,0.6916624795253012,0.14574281003878006,0.16259471043591864,34.72493037621168
2024-09-01,151.4902839900001,3462.5012053900477,3613.991489380048,219.6634392899999,5890.516068672272,6110.179507962272,25333.043076528847,35057.21407387117,371.15372328,9353.01727406232,9724.17099734232,0.03816816090352985,0.7226199726865936,0.10308838237301997,0.17429164494038643,35.057214073871165
2024-10-01,197.13929276000007,3827.6810045999478,4024.8202973599477,119.3968854700001,5108.139753960011,5227.536639430011,23544.732927671834,32797.08986446179,316.5361782300002,8935.82075855996,9252.356936789958,0.0342114101728354,0.7178909173031351,0.12271882395642532,0.1593902587404395,32.79708986446179
2024-11-01,381.1486979399996,3655.702506380032,4036.8512043200317,314.57920161999994,5335.647854220013,5650.227055840013,32102.164508593203,41789.24276875325,695.7278995599995,8991.350360600045,9687.078260160044,0.07182020015480964,0.7681920604839653,0.09660024773979575,0.13520769177623898,41.78924276875325
2024-12-01,542.9702150899993,5531.37715606998,6074.347371159979,247.91330609000033,6754.180974340008,7002.094280430008,38834.39769574897,51910.83934733896,790.8835211799997,12285.558130409987,13076.441651589987,0.060481554711318185,0.7480980501183072,0.11701500972689168,0.13488694015480118,51.91083934733896
2025-01-01,532.3711634100019,4428.1022144499975,4960.473377859999,416.9838595400003,6507.303338980021,6924.287198520022,35519.934026544805,47404.69460292482,949.3550229500022,10935.405553430019,11884.76057638002,0.07988002929034742,0.7492914852435999,0.10464097320761863,0.14606754154878154,47.40469460292482
2025-02-01,317.1311343599999,4970.354682790004,5287.485817150004,510.2171429200005,6238.033229930016,6748.250372850017,23922.47291268931,35958.20910268933,827.3482772800005,11208.38791272002,12035.736190000021,0.0687409780522947,0.6652854385592896,0.1470453047884009,0.18766925665230952,35.95820910268933
2025-03-01,257.8205207300001,5570.829664759994,5828.650185489993,238.34125389999986,6635.077294739986,6873.4185486399865,25120.385291506984,37822.454025636966,496.16177462999997,12205.90695949998,12702.06873412998,0.03906149344766432,0.6641659283789408,0.1541055527898638,0.1817285188311953,37.822454025636965
2025-04-01,385.68041764000014,4840.924148210502,5226.604565850502,294.45371332,6621.320714920037,6915.774428240037,24842.961974617843,36985.340968708384,680.1341309600002,11462.244863130538,12142.378994090539,0.056013251710476865,0.6716975245851146,0.1413155706817059,0.18698690473317955,36.985340968708385
2025-05-01,383.84090276,5263.439919372093,5647.280822132093,422.0667668599999,6258.734326870368,6680.801093730368,23779.913435126808,36107.995350989266,805.90766962,11522.17424624246,12328.081915862462,0.06537169975996379,0.658577503513368,0.15639973272505067,0.18502276376158144,36.10799535098926
2025-06-01,380.4415757299997,5150.145939131561,5530.5875148615605,342.95235255000017,9211.352060810426,9554.304413360427,23981.6463051217,39066.53823334369,723.39392828,14361.497999941988,15084.891928221987,0.04795486316521887,0.6138666846261059,0.14156840521234482,0.24456491016154924,39.066538233343685
2025-07-01,648.5233783000006,5478.841588689983,6127.364966989983,1011.6387487799999,7942.037343000111,8953.676091780111,29961.03950118829,45042.080559958384,1660.1621270800006,13420.878931690095,15081.041058770094,0.11008272708829771,0.6651788533903367,0.13603645503971465,0.19878469156994874,45.042080559958386
2025-08-01,501.41419327000176,5286.848258889985,5788.262452159986,448.96216166999943,8474.900691509934,8923.862853179933,26993.243839462888,41705.36914480281,950.3763549400012,13761.74895039992,14712.12530533992,0.06459816887197475,0.6472366602425026,0.13878938301835655,0.21397395673914077,41.70536914480281
2025-09-01,469.635355599996,6815.745931950251,7285.381287550247,540.4089122799999,9442.200113700063,9982.609025980062,21081.416992204384,38349.4073057347,1010.0442678799959,16257.946045650315,17267.99031353031,0.058492288305754786,0.5497194995514809,0.1899737648999025,0.26030673554861644,38.3494073057347
2025-10-01,462.3339286200002,8820.766284329884,9283.100212949885,384.0915635499988,11674.83497427047,12058.92653782047,30653.60674662546,51995.633497395815,846.425492169999,20495.601258600356,21342.026750770354,0.0396600333255344,0.5895419419817385,0.17853614983679017,0.23192190818147138,51.995633497395815
2025-11-01,435.5987168499979,9585.116877049853,10020.715593899851,284.35616008000005,9161.337070280046,9445.693230360046,36260.11073038499,55726.51955464489,719.9548769299979,18746.4539473299,19466.408824259895,0.03698447327545892,0.6506796229186479,0.17981951275592645,0.16950086432542572,55.72651955464489
2025-12-01,351.591835309999,6759.899185030156,7111.491020340155,155.47798882000012,9994.537354470705,10150.015343290706,26640.25903568395,43901.76539931481,507.0698241299991,16754.43653950086,17261.506363630862,0.029375757448282153,0.6068152110370425,0.1619864475985548,0.23119834136440265,43.90176539931481
2026-01-01,114.44819742000001,5679.833367100041,5794.281564520041,90.02182721000004,9028.86757590119,9118.889403111189,26001.85608257215,40915.02705020338,204.47002463000007,14708.70094300123,14913.17096763123,0.013710700767381973,0.6355087105445992,0.1416174443050072,0.22287384515039346,40.915027050203385
2026-02-01,123.6049492599998,6812.861714909932,6936.466664169931,115.11577491000004,9306.165300162167,9421.281075072167,25431.9526254424,41789.7003646845,238.72072416999984,16119.027015072099,16357.747739242099,0.014593740408241584,0.6085698725644454,0.16598507774972654,0.22544504968582815,41.7897003646845
2026-03-01,151.49075829000097,6499.561430890068,6651.052189180069,4.178985039999987,7533.631675161593,7537.810660201593,27028.11075016195,41216.97359954361,155.66974333000095,14033.193106051662,14188.862849381661,0.010971262812423683,0.6557519485239748,0.16136682556561394,0.18288122591041128,41.216973599543614
2026-04-01,80.52476707000224,5751.848643680014,5832.373410750016,4.463725440000001,9668.589714971175,9673.053440411175,28018.1934133716,43523.62026453279,84.98849251000225,15420.438358651189,15505.426851161192,0.005481209471098018,0.6437468492528758,0.13400478579909844,0.22224836494802583,43.52362026453279
2026-05-01,108.60740201000016,7068.992501890013,7177.5999039000135,4.819549299999994,15660.997891819188,15665.817441119189,35224.71284774782,58068.13019276702,113.42695131000015,22729.990393709202,22843.417345019203,0.004965410805083936,0.6066100756269127,0.12360652702390712,0.2697833973491801,58.06813019276702
2026-06-01,136.97744589999985,7194.843418180047,7331.820864080047,7.016750919999992,14279.729474252079,14286.746225172079,35923.42228339409,57541.98937264622,143.99419681999984,21474.572892432127,21618.567089252127,0.006660672570273536,0.6242992756255145,0.12741688189816705,0.24828384247631838,57.54198937264622
