mes,ops_fem_pct,ops_masc_pct,valor_fem_pct,valor_masc_pct,gap_fem_pp,ticket_relativo_fem
2019-08-01,11.34,88.66,11.1,88.9,0.2400000000000002,0.976193452008975
2019-09-01,10.71,89.29,10.51,89.49,0.20000000000000107,0.979132711675947
2019-10-01,11.47,88.53,8.0,92.0,3.4700000000000006,0.6711648534930442
2019-11-01,10.71,89.29,13.11,86.89,-2.3999999999999986,1.257900375019383
2019-12-01,11.53,88.47,11.52,88.48,0.009999999999999787,0.9990197754423165
2020-01-01,11.18,88.82,7.72,92.28,3.46,0.6646280705917201
2020-02-01,10.73,89.27,10.47,89.53,0.2599999999999998,0.9729351863292711
2020-03-01,11.3,88.7,11.52,88.48,-0.21999999999999886,1.0220038726815919
2020-04-01,11.38,88.62,12.7,87.3,-1.3199999999999985,1.132867090633474
2020-05-01,11.49,88.51,13.67,86.33,-2.1799999999999997,1.2197731960779155
2020-06-01,9.76,90.24,14.17,85.83,-4.41,1.5264409440697682
2020-07-01,10.38,89.62,13.45,86.55,-3.0699999999999985,1.3417227949140071
2020-08-01,12.51,87.49,10.99,89.01,1.5199999999999996,0.863495340117076
2020-09-01,9.75,90.25,15.22,84.78,-5.470000000000001,1.661742912273698
2020-10-01,10.18,89.82,13.2,86.8,-3.0199999999999996,1.3417743293527564
2020-11-01,10.77,89.23,12.71,87.29,-1.9400000000000013,1.206358105985736
2020-12-01,9.71,90.29,12.82,87.18,-3.1099999999999994,1.3673874311916416
2021-01-01,9.64,90.36,11.59,88.41,-1.9499999999999993,1.2288000878592336
2021-02-01,10.73,89.27,11.9,88.1,-1.17,1.1237685295769761
2021-03-01,10.17,89.83,11.39,88.61,-1.2200000000000006,1.13538050855799
2021-04-01,10.76,89.24,11.07,88.93,-0.3100000000000005,1.0323967265511447
2021-05-01,9.69,90.31,10.35,89.65,-0.6600000000000001,1.0759748523238808
2021-06-01,9.76,90.24,12.77,87.23,-3.01,1.3535499705884009
2021-07-01,11.56,88.44,12.04,87.96,-0.47999999999999865,1.0472061065819476
2021-08-01,13.77,86.23,13.9,86.1,-0.13000000000000078,1.0109649400259955
2021-09-01,12.62,87.38,12.99,87.01,-0.370000000000001,1.0336956005020461
2021-10-01,14.59,85.41,14.41,85.59,0.17999999999999972,0.9855856790838835
2021-11-01,14.83,85.17,13.9,86.1,0.9299999999999997,0.9271652479553407
2021-12-01,16.19,83.81,14.22,85.78,1.9700000000000006,0.8581486950183981
2022-01-01,16.0,84.0,16.22,83.78,-0.21999999999999886,1.0164120315111005
2022-02-01,14.48,85.52,12.36,87.64,2.120000000000001,0.8329429030362784
2022-03-01,14.97,85.03,13.01,86.99,1.9600000000000009,0.8494901440233419
2022-04-01,15.91,84.09,13.52,86.48,2.3900000000000006,0.8262951116682588
2022-05-01,13.15,86.85,13.34,86.66,-0.1899999999999995,1.0166728239112865
2022-06-01,14.53,85.47,15.68,84.32,-1.1500000000000004,1.09386455556847
2022-07-01,18.06,81.94,14.35,85.65,3.709999999999999,0.7601560343384154
2022-08-01,17.83,82.17,13.42,86.58,4.409999999999998,0.7143266913317392
2022-09-01,18.95,81.05,13.64,86.36,5.309999999999999,0.6755314013499362
2022-10-01,20.16,79.84,15.55,84.45,4.609999999999999,0.7292236413017942
2022-11-01,19.68,80.32,13.79,86.21,5.890000000000001,0.6528377010947931
2022-12-01,24.96,75.04,15.77,84.23,9.190000000000001,0.5628765255086043
2023-01-01,23.0,77.0,16.79,83.21,6.210000000000001,0.6755197692585025
2023-02-01,16.31,83.69,15.21,84.79,1.0999999999999979,0.9204584428265049
2023-03-01,19.33,80.67,16.17,83.83,3.1599999999999966,0.8049905028523534
2023-04-01,11.11,88.89,16.22,83.78,-5.109999999999999,1.5489925932196944
2023-05-01,11.39,88.61,17.53,82.47,-6.140000000000001,1.6536550977166466
2023-06-01,17.1,82.9,16.97,83.03,0.13000000000000256,0.9908438646497812
2023-07-01,19.37,80.63,17.05,82.95,2.3200000000000003,0.8556083850451364
2023-08-01,30.22,69.78,17.15,82.85,13.07,0.4779782300546346
2023-09-01,29.14,70.86,19.42,80.58,9.719999999999999,0.5860485059161846
2023-10-01,36.14,63.86,17.2,82.8,18.94,0.36706153471871333
2023-11-01,30.69,69.31,16.57,83.43,14.120000000000001,0.44853803410136134
2023-12-01,23.43,76.57,17.2,82.8,6.23,0.6788666415120793
2024-01-01,40.95,59.05,17.37,82.63,23.580000000000002,0.303129401156752
2024-02-01,40.54,59.46,17.32,82.68,23.22,0.3072476573514449
2024-03-01,37.64,62.36,13.54,86.46,24.1,0.2594537337420903
2024-04-01,38.88,61.12,12.75,87.25,26.130000000000003,0.22972160316954965
2024-05-01,38.7,61.3,14.82,85.18,23.880000000000003,0.27558785681393344
2024-06-01,38.65,61.35,15.79,84.21,22.86,0.2976346787807786
2024-07-01,38.27,61.73,15.12,84.88,23.150000000000006,0.2873321582574529
2024-08-01,37.87,62.13,16.21,83.79,21.659999999999997,0.3173926555042403
2024-09-01,37.48,62.52,15.84,84.16,21.639999999999997,0.31395603637529373
2024-10-01,34.6,65.4,16.4,83.6,18.200000000000003,0.37079956854827556
2024-11-01,35.46,64.54,14.24,85.76,21.22,0.3022146037999512
2024-12-01,31.79,68.21,14.14,85.86,17.65,0.35335891027823735
2025-01-01,29.14,70.86,12.61,87.39,16.53,0.3508851170327038
2025-02-01,27.94,72.06,10.9,89.1,17.04,0.31551255817540713
2025-03-01,28.93,71.07,11.98,88.02,16.95,0.33435924478402723
2025-04-01,30.32,69.68,12.79,87.21,17.53,0.3370413634756006
2025-05-01,28.95,71.05,12.2,87.8,16.75,0.341020768664849
2025-06-01,18.49,81.51,12.77,87.23,5.719999999999999,0.645355486793925
2025-07-01,28.34,71.66,11.95,88.05,16.39,0.3431748898044633
2025-08-01,29.04,70.96,12.67,87.33,16.369999999999997,0.3545113544488955
2025-09-01,29.38,70.62,13.54,86.46,15.84,0.3764257764798196
2025-10-01,29.16,70.84,10.63,89.37,18.53,0.288956547378671
2025-11-01,29.64,70.36,12.42,87.58,17.22,0.33663889025002475
2025-12-01,29.9,70.1,12.62,87.38,17.28,0.33860560608299123
2026-01-01,29.07,70.93,13.42,86.58,15.65,0.37819855260515745
2026-02-01,29.24,70.76,14.69,85.31,14.549999999999999,0.4167084525239166
2026-03-01,30.14,69.86,15.76,84.24,14.38,0.4336338618577061
2026-04-01,30.57,69.43,17.46,82.54,13.11,0.4804315295548856
2026-05-01,30.68,69.32,17.31,82.69,13.370000000000001,0.4729848984354786
2026-06-01,31.04,68.96,15.66,84.34,15.379999999999999,0.41250925928189525
