mes,grupo,valor_total,n_operacoes,ticket_medio
2019-08-01,Bitcoin,3798621044.9700418,1042292,3644.4883439286127
2019-08-01,Ethereum,30053333.100000065,67935,442.38364760432864
2019-08-01,Outros ativos,120630788.91000043,274787,438.9974376881018
2019-08-01,Stablecoins,30213473.180000007,5658,5339.956376811596
2019-09-01,Bitcoin,4085187085.310005,680741,6001.088645035344
2019-09-01,Ethereum,29727721.47000006,65717,452.3596857738494
2019-09-01,Outros ativos,1616148849.150003,247142,6539.353283335098
2019-09-01,Stablecoins,53658612.5,6269,8559.357553038762
2019-10-01,Bitcoin,5486079798.659916,637264,8608.802315304043
2019-10-01,Ethereum,24631908.089999862,49856,494.0610576460178
2019-10-01,Outros ativos,806992449.22,182573,4420.108390725902
2019-10-01,Stablecoins,153218456.1800002,15547,9855.178245320652
2019-11-01,Bitcoin,4238625347.729917,455909,9297.08636532711
2019-11-01,Ethereum,19589878.659999847,38283,511.7122132539207
2019-11-01,Outros ativos,1066242442.4700023,172214,6191.380738325585
2019-11-01,Stablecoins,185999956.68,6228,29865.11828516378
2019-12-01,Bitcoin,4779770675.530094,351874,13583.75633189748
2019-12-01,Ethereum,12806084.510000259,29514,433.8986416615931
2019-12-01,Outros ativos,617009047.1900008,102624,6012.327011128009
2019-12-01,Stablecoins,536539073.5600001,3366,159399.60592988716
2020-01-01,Bitcoin,4677529818.680216,552970,8458.921494258668
2020-01-01,Ethereum,26052891.82999976,51229,508.55749341192995
2020-01-01,Outros ativos,1335871860.4699984,268552,4974.35081648991
2020-01-01,Stablecoins,670485508.4399999,5737,116870.40412062053
2020-02-01,Bitcoin,2818004088.4499474,477527,5901.2455598321085
2020-02-01,Ethereum,84364489.20000127,95610,882.3814370881839
2020-02-01,Outros ativos,2718094302.8199997,324478,8376.821549750675
2020-02-01,Stablecoins,725787233.6,8875,81778.84322253522
2020-03-01,Bitcoin,3360166290.9599695,712118,4718.552670989878
2020-03-01,Ethereum,74764107.71000016,93773,797.2882141981185
2020-03-01,Outros ativos,3365125329.329997,271102,12412.76467650551
2020-03-01,Stablecoins,705791433.7700002,11189,63079.04493431051
2020-04-01,Bitcoin,1904940945.159971,684786,2781.8047465339114
2020-04-01,Ethereum,163608125.68000078,134671,1214.872731917048
2020-04-01,Outros ativos,3574938699.1800003,218057,16394.51473321196
2020-04-01,Stablecoins,96107172.39000002,13254,7251.182464916253
2020-05-01,Bitcoin,2957648145.2400875,962450,3073.0408283444203
2020-05-01,Ethereum,106422530.50000027,164542,646.7803387584948
2020-05-01,Outros ativos,3028051491.149998,261875,11562.965121336509
2020-05-01,Stablecoins,289130198.73999983,33961,8513.594968934949
2020-06-01,Bitcoin,2687572122.71997,536581,5008.697890383689
2020-06-01,Ethereum,49180424.14999996,69299,709.6844709158856
2020-06-01,Outros ativos,2281727333.369999,165827,13759.685294734867
2020-06-01,Stablecoins,1510077201.849999,57136,26429.522575083993
2020-07-01,Bitcoin,3454595912.8799934,591224,5843.125300867342
2020-07-01,Ethereum,82571201.32000022,95612,863.6070924151803
2020-07-01,Outros ativos,3571490767.2800007,317310,11255.52540821279
2020-07-01,Stablecoins,3263455602.220006,81253,40164.1244288827
2020-08-01,Bitcoin,3434285767.5100346,637279,5388.983110239054
2020-08-01,Ethereum,219748779.58000258,148239,1482.395183318847
2020-08-01,Outros ativos,3252977701.4700007,461675,7046.033901489144
2020-08-01,Stablecoins,2482837082.1299973,90771,27352.756740919427
2020-09-01,Bitcoin,3097097085.2299786,518361,5974.788005328292
2020-09-01,Ethereum,176276255.53000036,182140,967.8063881080507
2020-09-01,Outros ativos,162117800.94000003,261962,618.859990914713
2020-09-01,Stablecoins,3230554239.6599917,76108,42446.9732440741
2020-10-01,Bitcoin,2372680702.2699637,509960,4652.680018570013
2020-10-01,Ethereum,102464773.10000013,82154,1247.228048542982
2020-10-01,Outros ativos,136898556.96999985,207691,659.1453504003537
2020-10-01,Stablecoins,3674527550.8399954,72772,50493.700198427905
2020-11-01,Bitcoin,3358594780.3400483,820407,4093.8153627895035
2020-11-01,Ethereum,268411338.77000254,187275,1433.2470365505408
2020-11-01,Outros ativos,641451518.4899917,694329,923.8437664133165
2020-11-01,Stablecoins,5431175003.479986,115150,47166.08774190175
2020-12-01,Bitcoin,3813763174.1802673,1031276,3698.101356164855
2020-12-01,Ethereum,256059322.27000043,196485,1303.200357635445
2020-12-01,Outros ativos,791172892.9700018,918284,861.5775652957057
2020-12-01,Stablecoins,6211008196.080001,118870,52250.42648338522
2021-01-01,Bitcoin,8228747756.421338,2553676,3222.314716675623
2021-01-01,Ethereum,1600727829.7800438,765633,2090.7247072423
2021-01-01,Outros ativos,1434131858.8199804,1557113,921.0197710891762
2021-01-01,Stablecoins,4301650663.609962,180296,23858.824730498527
2021-02-01,Bitcoin,7745729718.290613,2082708,3719.066579804088
2021-02-01,Ethereum,1669961402.6001878,712483,2343.8614010442184
2021-02-01,Outros ativos,2678658322.2100015,2363877,1133.1631562090588
2021-02-01,Stablecoins,4653027845.568212,365887,12717.117157942785
2021-03-01,Bitcoin,7359879320.990873,1779009,4137.066940634293
2021-03-01,Ethereum,994364848.980056,463158,2146.9236178152078
2021-03-01,Outros ativos,4888201610.601086,3067229,1593.6865524553548
2021-03-01,Stablecoins,4898824163.209698,222972,21970.579997531968
2021-04-01,Bitcoin,7632550370.24098,1895620,4026.4137170113104
2021-04-01,Ethereum,1596674274.4201484,691422,2309.2616006146004
2021-04-01,Outros ativos,5742886222.010801,4183773,1372.6572216061438
2021-04-01,Stablecoins,7812871407.900007,258916,30175.313259512764
2021-05-01,Bitcoin,7760015435.660578,1955707,3967.8824259771927
2021-05-01,Ethereum,3488066867.3807344,1077773,3236.3650484663603
2021-05-01,Outros ativos,5274482930.710092,3765934,1400.5776337848968
2021-05-01,Stablecoins,9459038026.209988,281964,33546.97062820072
2021-06-01,Bitcoin,4175172073.270261,1303467,3203.128328734261
2021-06-01,Ethereum,1061928154.3199878,360074,2949.194205413298
2021-06-01,Outros ativos,1628143886.069979,1329170,1224.9327671178096
2021-06-01,Stablecoins,9680993539.650023,171410,56478.58082754812
2021-07-01,Bitcoin,2817060072.290003,1066253,2642.0184255425334
2021-07-01,Ethereum,744441143.9899769,290156,2565.6582803387723
2021-07-01,Outros ativos,1412762169.770001,936072,1509.2451967049553
2021-07-01,Stablecoins,8635791323.679989,144684,59687.25860274798
2021-08-01,Bitcoin,5590902122.98028,1346151,4153.2503582289655
2021-08-01,Ethereum,1419152024.4100013,506922,2799.5471185113315
2021-08-01,Outros ativos,2040316584.5000257,2013757,1013.1890712236013
2021-08-01,Stablecoins,7075301315.169998,188558,37523.20938475163
2021-09-01,Bitcoin,3430476977.7002363,1280129,2679.790066235697
2021-09-01,Ethereum,1533351940.3100204,441258,3474.955559581969
2021-09-01,Outros ativos,1599433519.6099985,1652707,967.7659256056872
2021-09-01,Stablecoins,6185230677.190001,192435,32141.92156930912
2021-10-01,Bitcoin,5176343980.190475,1817097,2848.6888593126705
2021-10-01,Ethereum,1625216319.7100654,535486,3035.0304577711936
2021-10-01,Outros ativos,1486780496.529989,1634907,909.3975966400468
2021-10-01,Stablecoins,5680459045.349993,189374,29995.98173640517
2021-11-01,Bitcoin,4669862272.900597,1419831,3289.0268439698784
2021-11-01,Ethereum,1336195514.750006,426228,3134.9313389782133
2021-11-01,Outros ativos,1515632684.7399905,1573192,963.4124027709208
2021-11-01,Stablecoins,10665519934.900005,210073,50770.5413589562
2021-12-01,Bitcoin,3298050847.0402684,2834096,1163.7047040891587
2021-12-01,Ethereum,1285141305.0700808,1074002,1196.5911656310516
2021-12-01,Outros ativos,904662780.3000023,1244498,726.9298787945038
2021-12-01,Stablecoins,9402940272.199995,830825,11317.594285439165
2022-01-01,Bitcoin,2295961340.150089,2009468,1142.5717354792855
2022-01-01,Ethereum,1022908288.2500497,1024140,998.7973209229692
2022-01-01,Outros ativos,700917724.4799995,872530,803.3164756283446
2022-01-01,Stablecoins,11003087461.04,624332,17623.776229698302
2022-02-01,Bitcoin,1990211164.420099,1802177,1104.3372345891103
2022-02-01,Ethereum,913046479.8200374,768981,1187.3459549976362
2022-02-01,Outros ativos,697965328.9599997,710636,982.1699561519536
2022-02-01,Stablecoins,9245926985.719994,454597,20338.732956266744
2022-03-01,Bitcoin,1914763436.3201609,1835643,1043.102300567246
2022-03-01,Ethereum,607428963.8900429,739118,821.8294831001855
2022-03-01,Outros ativos,579625591.2800002,681804,850.1352166898408
2022-03-01,Stablecoins,10113640378.969997,511991,19753.551095566127
2022-04-01,Bitcoin,1883084327.0700617,1678307,1122.0142244953167
2022-04-01,Ethereum,434352399.5500262,625811,694.063222842082
2022-04-01,Outros ativos,484986012.0700004,580473,835.5014136230288
2022-04-01,Stablecoins,10402472407.74001,529715,19637.866414468175
2022-05-01,Bitcoin,2592462457.000075,1855087,1397.4883425952933
2022-05-01,Ethereum,689536320.3998474,669301,1030.2335128736509
2022-05-01,Outros ativos,1085427904.009998,646797,1678.1585319814378
2022-05-01,Stablecoins,12887613015.14004,495793,25993.939033306317
2022-06-01,Bitcoin,2440157900.7901263,2308869,1056.862862635397
2022-06-01,Ethereum,615268905.2900345,897378,685.629584511805
2022-06-01,Outros ativos,476446219.9700008,570392,835.2961120948414
2022-06-01,Stablecoins,11356946857.520025,405555,28003.46896850002
2022-07-01,Bitcoin,1843716055.4500546,3395613,542.9700190952428
2022-07-01,Ethereum,670562903.9899586,1781869,376.32559070838465
2022-07-01,Outros ativos,435871577.0900008,530797,821.1643567880014
2022-07-01,Stablecoins,11474566444.140015,429932,26689.258869170044
2022-08-01,Bitcoin,1511095493.0499647,2586839,584.1474838789599
2022-08-01,Ethereum,642233907.7199559,1488412,431.48933744148525
2022-08-01,Outros ativos,526448615.8700018,502269,1048.1407689305966
2022-08-01,Stablecoins,12094665504.089985,804508,15033.617445805368
2022-09-01,Bitcoin,1455390999.9799652,2418493,601.775981977192
2022-09-01,Ethereum,527360241.5599885,1221190,431.8412708587431
2022-09-01,Outros ativos,381302578.2099999,488634,780.3439347446144
2022-09-01,Stablecoins,9900146811.550007,1137228,8705.507436987136
2022-10-01,Bitcoin,1097281092.2999833,1813293,605.1317091611688
2022-10-01,Ethereum,288544637.00999945,774262,372.67053918440973
2022-10-01,Outros ativos,189893460.81000006,688074,275.978253516337
2022-10-01,Stablecoins,12239697513.309896,1389192,8810.659371281938
2022-11-01,Bitcoin,1444287214.5399873,1892618,763.1160723082985
2022-11-01,Ethereum,498960845.80000734,834972,597.577937703309
2022-11-01,Outros ativos,396929243.42000157,907737,437.2733990351848
2022-11-01,Stablecoins,13340272800.470001,1396073,9555.569658943337
2022-12-01,Bitcoin,986778441.3400071,1025755,962.0020778256085
2022-12-01,Ethereum,178050626.72000116,319379,557.4900877014493
2022-12-01,Outros ativos,156527177.47999975,530301,295.1666647432303
2022-12-01,Stablecoins,12412999456.62016,2156793,5755.3040354916575
2023-01-01,Bitcoin,1062416696.1193991,1978702,536.9260738198067
2023-01-01,Ethereum,271973314.3400007,771368,352.585684575975
2023-01-01,Outros ativos,221379445.08000422,1152348,192.1116234679144
2023-01-01,Stablecoins,15548650115.929983,2638799,5892.320754983605
2023-02-01,Bitcoin,1085401592.7500215,1628341,666.5689758779159
2023-02-01,Ethereum,240753945.81000295,607454,396.3328018417904
2023-02-01,Outros ativos,278400853.70000476,1117864,249.04715931455414
2023-02-01,Stablecoins,13892065399.27007,1613238,8611.293187533438
2023-03-01,Bitcoin,1628229958.0500093,2247497,724.4636847346222
2023-03-01,Ethereum,364155182.7900068,820275,443.94280307214876
2023-03-01,Outros ativos,254353330.12000403,1046482,243.05561884485738
2023-03-01,Stablecoins,18084261083.97992,1763070,10257.25642429394
2023-04-01,Bitcoin,1245736885.909971,1672027,745.045914874563
2023-04-01,Ethereum,277166782.8000018,645273,429.5341395037477
2023-04-01,Outros ativos,219149089.07000315,847430,258.60435560459644
2023-04-01,Stablecoins,20529279185.900063,2611625,7860.730076446681
2023-05-01,Bitcoin,998580329.509969,1454840,686.384983578929
2023-05-01,Ethereum,199161611.2400026,473126,420.94835464549107
2023-05-01,Outros ativos,139485447.9500031,705704,197.65432525535223
2023-05-01,Stablecoins,16601999135.190048,2324042,7143.588254941196
2023-06-01,Bitcoin,1113628838.960013,1438838,773.9779175696033
2023-06-01,Ethereum,232533325.45000106,440762,527.5711732182018
2023-06-01,Outros ativos,249609924.32000136,838846,297.5634673348879
2023-06-01,Stablecoins,19657528009.600063,2358627,8334.30975291984
2023-07-01,Bitcoin,794898297.1300088,1242621,639.6948845464617
2023-07-01,Ethereum,164948433.8900011,447886,368.28218316714765
2023-07-01,Outros ativos,291252394.33000624,1114677,261.2886013885693
2023-07-01,Stablecoins,20615159592.93001,2905383,7095.504996391185
2023-08-01,Bitcoin,1073174687.7500303,1481615,724.3276342032378
2023-08-01,Ethereum,272272120.86000407,535246,508.68595161851573
2023-08-01,Outros ativos,216192642.34000212,1074878,201.13226090775152
2023-08-01,Stablecoins,22360223361.95001,3452106,6477.270211850392
2023-09-01,Bitcoin,733352895.9299386,1146639,639.567375547089
2023-09-01,Ethereum,138733050.4100024,483644,286.8495223966438
2023-09-01,Outros ativos,162012619.29000178,975780,166.03396184590972
2023-09-01,Stablecoins,15807016511.670063,2744860,5758.769668278186
2023-10-01,Bitcoin,1206446218.3098059,1675645,719.9891494378618
2023-10-01,Ethereum,243458129.55000713,600541,405.3980153728174
2023-10-01,Outros ativos,322477122.630005,1618009,199.30490042391915
2023-10-01,Stablecoins,20121296948.069508,2173300,9258.407467017672
2023-11-01,Bitcoin,1192855129.619985,1567254,761.1115553828448
2023-11-01,Ethereum,360463102.500009,691414,521.3419203256067
2023-11-01,Outros ativos,726389876.7400016,2104571,345.14866770472537
2023-11-01,Stablecoins,20490064145.070015,1682471,12178.55412965217
2023-12-01,Bitcoin,1508364276.230021,1859012,811.3795264527722
2023-12-01,Ethereum,402423828.0200031,767078,524.6191756509809
2023-12-01,Outros ativos,626097119.6400099,1681634,372.31473652412467
2023-12-01,Stablecoins,22174923367.029976,1536262,14434.336960121369
2024-01-01,Bitcoin,1936429250.2699878,2273787,851.6317712564932
2024-01-01,Ethereum,566395835.0500016,978430,578.8823268399391
2024-01-01,Outros ativos,491755245.6900051,1594380,308.43039030218966
2024-01-01,Stablecoins,23609658186.030014,1474271,16014.46286743076
2024-02-01,Bitcoin,3252432861.709893,2592650,1254.4820402714956
2024-02-01,Ethereum,723043323.9900787,1108732,652.1353437891922
2024-02-01,Outros ativos,825683135.2800071,2221353,371.70280242717257
2024-02-01,Stablecoins,16704927908.299828,1916204,8717.718942398527
2024-03-01,Bitcoin,7423800083.169382,4364060,1701.122368429715
2024-03-01,Ethereum,1783609076.1500683,2081532,856.8732434332348
2024-03-01,Outros ativos,1784282867.3500183,4337774,411.33606023504643
2024-03-01,Stablecoins,21718974867.199722,5275361,4117.059451893382
2024-04-01,Bitcoin,6230667034.190992,3027925,2057.7349287683783
2024-04-01,Ethereum,1192886512.979963,1623240,734.8799394913649
2024-04-01,Outros ativos,1195346072.1400025,2760574,433.00635017934763
2024-04-01,Stablecoins,22717173479.100174,5131629,4426.893191051063
2024-05-01,Bitcoin,3420632057.8600183,2182590,1567.2352837042313
2024-05-01,Ethereum,845784492.6900213,1105158,765.3064020619869
2024-05-01,Outros ativos,813302673.2600056,2016603,403.3033141674418
2024-05-01,Stablecoins,22755551843.200047,5251022,4333.547230082077
2024-06-01,Bitcoin,3388924459.0699267,2172471,1559.940021786218
2024-06-01,Ethereum,718001218.4500321,1088338,659.7226398876379
2024-06-01,Outros ativos,740463361.880004,1801257,411.08146248980796
2024-06-01,Stablecoins,21890931011.97002,5586347,3918.648628875009
2024-07-01,Bitcoin,4297734364.470101,2631016,1633.4884943573513
2024-07-01,Ethereum,869282779.660027,1051364,826.8142904455802
2024-07-01,Outros ativos,1001376357.4200029,2021715,495.3103466215579
2024-07-01,Stablecoins,23331717354.809868,5388473,4329.931198469375
2024-08-01,Bitcoin,5274399079.70904,2389622,2207.2106298439835
2024-08-01,Ethereum,1276871643.5900018,1031151,1238.2974400354574
2024-08-01,Outros ativos,1569369407.9500074,1926833,814.4812798773985
2024-08-01,Stablecoins,25343606789.91091,6315574,4012.874647642623
2024-09-01,Bitcoin,3118286992.9399123,2023339,1541.158942194023
2024-09-01,Ethereum,909809653.9600234,845581,1075.9580146195615
2024-09-01,Outros ativos,807048288.8900049,1618314,498.69697035927817
2024-09-01,Stablecoins,29173885958.470287,6236404,4677.998083265658
2024-10-01,Bitcoin,3865265568.2799063,2367537,1632.6104167664143
2024-10-01,Ethereum,1026375893.1400317,949417,1081.0591058934394
2024-10-01,Outros ativos,1009399644.0400064,1851025,545.3192928458591
2024-10-01,Stablecoins,25619870090.100067,10020571,2556.7275647365873
2024-11-01,Bitcoin,7355947276.469257,5692329,1292.2561707992031
2024-11-01,Ethereum,1992853710.1100395,2175664,915.9749437918904
2024-11-01,Outros ativos,5236045348.5300045,5739340,912.3079219091402
2024-11-01,Stablecoins,23001554446.00998,18253847,1260.0935269157224
2024-12-01,Bitcoin,7872842805.030285,6926089,1136.6938549346225
2024-12-01,Ethereum,2270612053.1300464,2552856,889.43992654895
2024-12-01,Outros ativos,5423046765.300085,6828319,794.1993871844718
2024-12-01,Stablecoins,32116761003.550137,10892211,2948.5988660658645
2025-01-01,Bitcoin,5820696457.78988,5032063,1156.7216979973978
2025-01-01,Ethereum,1427396029.3400505,1804671,790.9452910475375
2025-01-01,Outros ativos,4266902321.740031,5432026,785.5084496539654
2025-01-01,Stablecoins,31435551771.211655,11709619,2684.592194776931
2025-02-01,Bitcoin,4101108705.989543,2918041,1405.4321738418148
2025-02-01,Ethereum,1216391555.5700047,1191346,1021.0229065023971
2025-02-01,Outros ativos,2328091220.3900013,2998194,776.4978585074886
2025-02-01,Stablecoins,25316357064.86084,7194884,3518.660907508841
2025-03-01,Bitcoin,3914617895.410019,3314820,1180.9443334509924
2025-03-01,Ethereum,1086468462.259983,1214615,894.496167312262
2025-03-01,Outros ativos,2618909511.6599913,3471368,754.4315415882129
2025-03-01,Stablecoins,27319221809.940224,5150887,5303.789776390013
2025-04-01,Bitcoin,3079897503.7802033,2368101,1300.5769195571486
2025-04-01,Ethereum,864680253.9300078,882226,980.1119598946391
2025-04-01,Outros ativos,1334941547.4599817,2086804,639.7062433558598
2025-04-01,Stablecoins,28672756621.099915,4529145,6330.721719242796
2025-05-01,Bitcoin,3743944003.659954,2817458,1328.837556286537
2025-05-01,Ethereum,1586940952.700006,1251504,1268.02707198699
2025-05-01,Outros ativos,1641251137.4800236,2406486,682.0115045256958
2025-05-01,Stablecoins,25608199677.789505,3771470,6789.978357984952
2025-06-01,Bitcoin,3716051732.08047,2229538,1666.7362171357788
2025-06-01,Ethereum,1254341719.560089,894939,1401.5946556805427
2025-06-01,Outros ativos,1192123330.2200074,1848030,645.0779101096883
2025-06-01,Stablecoins,30504633734.200222,3544795,8605.471891660934
2025-07-01,Bitcoin,4527780535.519921,2695750,1679.599568031131
2025-07-01,Ethereum,2136917221.8999388,1281276,1667.8039875092788
2025-07-01,Outros ativos,2738719041.5200005,2965789,923.4369139274576
2025-07-01,Stablecoins,30610996594.429886,4049545,7559.119998525732
2025-08-01,Bitcoin,3924371549.1106844,2752609,1425.6916071663954
2025-08-01,Ethereum,2740626885.60994,1431179,1914.9434736045876
2025-08-01,Outros ativos,2491313710.1399875,2662107,935.8428155367111
2025-08-01,Stablecoins,28391138942.2999,4177053,6796.930501552147
2025-09-01,Bitcoin,2761195854.129974,2263172,1220.0556803150507
2025-09-01,Ethereum,1238815490.3200088,955000,1297.1889950994855
2025-09-01,Outros ativos,1653569108.0399842,2059384,802.9435540142024
2025-09-01,Stablecoins,28208819161.710064,4450087,6338.936556006673
2025-10-01,Bitcoin,4929596990.5906,2962728,1663.87092928902
2025-10-01,Ethereum,1597323430.6299543,1077096,1482.9907739235448
2025-10-01,Outros ativos,2127817321.7799504,2170644,980.2700589225826
2025-10-01,Stablecoins,37475111559.650856,4750288,7889.018846783786
2025-11-01,Bitcoin,4921829209.960218,3000956,1640.0870955656192
2025-11-01,Ethereum,1144412315.1399176,928414,1232.6530137847099
2025-11-01,Outros ativos,1550218622.8199875,1932748,802.0800553512344
2025-11-01,Stablecoins,40648577988.62834,4795448,8476.492287817184
2025-12-01,Bitcoin,2731966867.230114,2102715,1299.2568499440551
2025-12-01,Ethereum,616520161.5800058,557324,1106.2149872964483
2025-12-01,Outros ativos,1087704688.4200096,1102617,986.4755290549753
2025-12-01,Stablecoins,34206322743.710663,4005247,8540.377845289107
2026-01-01,Bitcoin,2709913655.070257,2385831,1135.8363836626556
2026-01-01,Ethereum,728472793.1900127,792699,918.977812751136
2026-01-01,Outros ativos,1128029677.2100024,1619422,696.5631424113062
2026-01-01,Stablecoins,33243469950.200283,4223840,7870.437788884115
2026-02-01,Bitcoin,3113575334.199946,2386632,1304.5896201006044
2026-02-01,Ethereum,747024309.3299875,709242,1053.2713930223922
2026-02-01,Outros ativos,775368384.4800073,1352995,573.075572696135
2026-02-01,Stablecoins,32323177489.38865,4506692,7172.262379898304
2026-03-01,Bitcoin,2149983517.360083,2191151,981.2119371782607
2026-03-01,Ethereum,656953717.1499786,659747,995.7661302741485
2026-03-01,Outros ativos,701159453.9000106,1257958,557.3790650403357
2026-03-01,Stablecoins,35240272111.20478,5236160,6730.174805812806
2026-04-01,Bitcoin,1496636866.5899088,1837592,814.4554757475593
2026-04-01,Ethereum,543256521.9400065,606905,895.1261267249512
2026-04-01,Outros ativos,470987524.1200085,1110633,424.0712495666962
2026-04-01,Stablecoins,38170010781.46932,5098731,7486.178576879094
2026-05-01,Bitcoin,1362370579.7202308,1773085,768.3616858301947
2026-05-01,Ethereum,386160312.100003,518159,745.2544722758902
2026-05-01,Outros ativos,509656901.63000476,1195173,426.4293969408653
2026-05-01,Stablecoins,52534718862.79157,5386783,9752.521841475993
2026-06-01,Bitcoin,2386411374.0500236,2014068,1184.871302284741
2026-06-01,Ethereum,417892314.439996,499516,836.594452309828
2026-06-01,Outros ativos,555334055.7100036,1227634,452.3612540138214
2026-06-01,Stablecoins,48419941714.369934,4851480,9980.447557110394
