mes,grupo,valor_total,participacao
2019-08-01,Bitcoin,3798621044.9700418,0.9545428451158793
2019-08-01,Ethereum,30053333.100000065,0.007552002093095215
2019-08-01,Outros ativos,120630788.91000043,0.03031290962998205
2019-08-01,Stablecoins,30213473.180000007,0.007592243161043449
2019-09-01,Bitcoin,4085187085.310005,0.7062028038242772
2019-09-01,Ethereum,29727721.47000006,0.005139005831315088
2019-09-01,Outros ativos,1616148849.150003,0.2793822718110598
2019-09-01,Stablecoins,53658612.5,0.009275918533347863
2019-10-01,Bitcoin,5486079798.659916,0.8478048846325497
2019-10-01,Ethereum,24631908.089999862,0.0038065527230615563
2019-10-01,Outros ativos,806992449.22,0.12471057028325097
2019-10-01,Stablecoins,153218456.1800002,0.023677992361137896
2019-11-01,Bitcoin,4238625347.729917,0.7691966141041895
2019-11-01,Ethereum,19589878.659999847,0.003555036621496643
2019-11-01,Outros ativos,1066242442.4700023,0.19349435472077167
2019-11-01,Stablecoins,185999956.68,0.03375399455354229
2019-12-01,Bitcoin,4779770675.530094,0.8038463320829177
2019-12-01,Ethereum,12806084.510000259,0.00215368576455102
2019-12-01,Outros ativos,617009047.1900008,0.10376658068237801
2019-12-01,Stablecoins,536539073.5600001,0.09023340147015331
2020-01-01,Bitcoin,4677529818.680216,0.6971045588061924
2020-01-01,Ethereum,26052891.82999976,0.0038827309218312594
2020-01-01,Outros ativos,1335871860.4699984,0.19908849328881445
2020-01-01,Stablecoins,670485508.4399999,0.09992421698316188
2020-02-01,Bitcoin,2818004088.4499474,0.44404239319252387
2020-02-01,Ethereum,84364489.20000127,0.013293596641103233
2020-02-01,Outros ativos,2718094302.8199997,0.42829927184777217
2020-02-01,Stablecoins,725787233.6,0.11436473831860079
2020-03-01,Bitcoin,3360166290.9599695,0.4476731564791952
2020-03-01,Ethereum,74764107.71000016,0.009960782054129903
2020-03-01,Outros ativos,3365125329.329997,0.44833384650700253
2020-03-01,Stablecoins,705791433.7700002,0.09403221495967236
2020-04-01,Bitcoin,1904940945.159971,0.33189466578631316
2020-04-01,Ethereum,163608125.68000078,0.028505169323203863
2020-04-01,Outros ativos,3574938699.1800003,0.6228555734420756
2020-04-01,Stablecoins,96107172.39000002,0.016744591448407335
2020-05-01,Bitcoin,2957648145.2400875,0.46349023291575286
2020-05-01,Ethereum,106422530.50000027,0.016677373719491205
2020-05-01,Outros ativos,3028051491.149998,0.4745230744139372
2020-05-01,Stablecoins,289130198.73999983,0.04530931895081869
2020-06-01,Bitcoin,2687572122.71997,0.4116640306466625
2020-06-01,Ethereum,49180424.14999996,0.0075331230977390765
2020-06-01,Outros ativos,2281727333.369999,0.34949948429332817
2020-06-01,Stablecoins,1510077201.849999,0.23130336196227028
2020-07-01,Bitcoin,3454595912.8799934,0.33306576507372054
2020-07-01,Ethereum,82571201.32000022,0.007960884871705523
2020-07-01,Outros ativos,3571490767.2800007,0.3443358745440527
2020-07-01,Stablecoins,3263455602.220006,0.31463747551052124
2020-08-01,Bitcoin,3434285767.5100346,0.36574450202148856
2020-08-01,Ethereum,219748779.58000258,0.023402801455159647
2020-08-01,Outros ativos,3252977701.4700007,0.34643555896449596
2020-08-01,Stablecoins,2482837082.1299973,0.2644171375588558
2020-09-01,Bitcoin,3097097085.2299786,0.4646078608900988
2020-09-01,Ethereum,176276255.53000036,0.026443902710730938
2020-09-01,Outros ativos,162117800.94000003,0.02431993658388891
2020-09-01,Stablecoins,3230554239.6599917,0.48462829981528144
2020-10-01,Bitcoin,2372680702.2699637,0.3774204541976729
2020-10-01,Ethereum,102464773.10000013,0.01629899091169976
2020-10-01,Outros ativos,136898556.96999985,0.02177634584425617
2020-10-01,Stablecoins,3674527550.8399954,0.5845042090463711
2020-11-01,Bitcoin,3358594780.3400483,0.34625999814835023
2020-11-01,Ethereum,268411338.77000254,0.027672320045732748
2020-11-01,Outros ativos,641451518.4899917,0.06613152706147928
2020-11-01,Stablecoins,5431175003.479986,0.5599361547444377
2020-12-01,Bitcoin,3813763174.1802673,0.3444510421921028
2020-12-01,Ethereum,256059322.27000043,0.02312673765797293
2020-12-01,Outros ativos,791172892.9700018,0.07145706618141905
2020-12-01,Stablecoins,6211008196.080001,0.5609651539685052
2021-01-01,Bitcoin,8228747756.421338,0.5286611824225576
2021-01-01,Ethereum,1600727829.7800438,0.10283978708277251
2021-01-01,Outros ativos,1434131858.8199804,0.0921367219747367
2021-01-01,Stablecoins,4301650663.609962,0.2763623085199332
2021-02-01,Bitcoin,7745729718.290613,0.4625040437544355
2021-02-01,Ethereum,1669961402.6001878,0.09971480153671912
2021-02-01,Outros ativos,2678658322.2100015,0.1599449439777257
2021-02-01,Stablecoins,4653027845.568212,0.27783621073111964
2021-03-01,Bitcoin,7359879320.990873,0.40569813159710033
2021-03-01,Ethereum,994364848.980056,0.054812306528788234
2021-03-01,Outros ativos,4888201610.601086,0.26945200781142753
2021-03-01,Stablecoins,4898824163.209698,0.270037554062684
2021-04-01,Bitcoin,7632550370.24098,0.3349816242235533
2021-04-01,Ethereum,1596674274.4201484,0.07007573037272179
2021-04-01,Outros ativos,5742886222.010801,0.25204699098756234
2021-04-01,Stablecoins,7812871407.900007,0.3428956544161625
2021-05-01,Bitcoin,7760015435.660578,0.2986734636048826
2021-05-01,Ethereum,3488066867.3807344,0.13425140983335598
2021-05-01,Outros ativos,5274482930.710092,0.203008370112335
2021-05-01,Stablecoins,9459038026.209988,0.36406675644942643
2021-06-01,Bitcoin,4175172073.270261,0.252333621742401
2021-06-01,Ethereum,1061928154.3199878,0.06417943320834256
2021-06-01,Outros ativos,1628143886.069979,0.09839964348295527
2021-06-01,Stablecoins,9680993539.650023,0.5850873015663013
2021-07-01,Bitcoin,2817060072.290003,0.20698374344344533
2021-07-01,Ethereum,744441143.9899769,0.054697880344137646
2021-07-01,Outros ativos,1412762169.770001,0.10380282812235887
2021-07-01,Stablecoins,8635791323.679989,0.6345155480900582
2021-08-01,Bitcoin,5590902122.98028,0.34670816240489627
2021-08-01,Ethereum,1419152024.4100013,0.08800576002466275
2021-08-01,Outros ativos,2040316584.5000257,0.1265259877880236
2021-08-01,Stablecoins,7075301315.169998,0.43876008978241743
2021-09-01,Bitcoin,3430476977.7002363,0.26908882067912493
2021-09-01,Ethereum,1533351940.3100204,0.12027711247917493
2021-09-01,Outros ativos,1599433519.6099985,0.12546059406439924
2021-09-01,Stablecoins,6185230677.190001,0.4851734727773008
2021-10-01,Bitcoin,5176343980.190475,0.3705646897959043
2021-10-01,Ethereum,1625216319.7100654,0.1163461670378483
2021-10-01,Outros ativos,1486780496.529989,0.10643580789833107
2021-10-01,Stablecoins,5680459045.349993,0.40665333526791647
2021-11-01,Bitcoin,4669862272.900597,0.25676627521879974
2021-11-01,Ethereum,1336195514.750006,0.07346896444406743
2021-11-01,Outros ativos,1515632684.7399905,0.08333508277511475
2021-11-01,Stablecoins,10665519934.900005,0.5864296775620181
2021-12-01,Bitcoin,3298050847.0402684,0.22148252002143962
2021-12-01,Ethereum,1285141305.0700808,0.08630441070549325
2021-12-01,Outros ativos,904662780.3000023,0.06075315440641539
2021-12-01,Stablecoins,9402940272.199995,0.6314599148666517
2022-01-01,Bitcoin,2295961340.150089,0.1528310239277678
2022-01-01,Ethereum,1022908288.2500497,0.0680900494026767
2022-01-01,Outros ativos,700917724.4799995,0.04665669741390189
2022-01-01,Stablecoins,11003087461.04,0.7324222292556536
2022-02-01,Bitcoin,1990211164.420099,0.15491460524583048
2022-02-01,Ethereum,913046479.8200374,0.07106996359033578
2022-02-01,Outros ativos,697965328.9599997,0.054328417679547915
2022-02-01,Stablecoins,9245926985.719994,0.7196870134842859
2022-03-01,Bitcoin,1914763436.3201609,0.14488815920302303
2022-03-01,Ethereum,607428963.8900429,0.04596351839356522
2022-03-01,Outros ativos,579625591.2800002,0.04385966608434906
2022-03-01,Stablecoins,10113640378.969997,0.7652886563190627
2022-04-01,Bitcoin,1883084327.0700617,0.14260501928931618
2022-04-01,Ethereum,434352399.5500262,0.032893286522419074
2022-04-01,Outros ativos,484986012.0700004,0.03672774427149578
2022-04-01,Stablecoins,10402472407.74001,0.787773949916769
2022-05-01,Bitcoin,2592462457.000075,0.15024378399537514
2022-05-01,Ethereum,689536320.3998474,0.03996144503438703
2022-05-01,Outros ativos,1085427904.009998,0.06290497866701651
2022-05-01,Stablecoins,12887613015.14004,0.7468897923032215
2022-06-01,Bitcoin,2440157900.7901263,0.1638919618795873
2022-06-01,Ethereum,615268905.2900345,0.041324222477093955
2022-06-01,Outros ativos,476446219.9700008,0.03200026756289524
2022-06-01,Stablecoins,11356946857.520025,0.7627835480804235
2022-07-01,Bitcoin,1843716055.4500546,0.1278164457521588
2022-07-01,Ethereum,670562903.9899586,0.04648707526730351
2022-07-01,Outros ativos,435871577.0900008,0.03021699335065599
2022-07-01,Stablecoins,11474566444.140015,0.7954794856298817
2022-08-01,Bitcoin,1511095493.0499647,0.10227765877812983
2022-08-01,Ethereum,642233907.7199559,0.04346924517453686
2022-08-01,Outros ativos,526448615.8700018,0.03563238203397277
2022-08-01,Stablecoins,12094665504.089985,0.8186207140133605
2022-09-01,Bitcoin,1455390999.9799652,0.11866986228728216
2022-09-01,Ethereum,527360241.5599885,0.0429999685600455
2022-09-01,Outros ativos,381302578.2099999,0.031090699644692882
2022-09-01,Stablecoins,9900146811.550007,0.8072394695079794
2022-10-01,Bitcoin,1097281092.2999833,0.07942439347685888
2022-10-01,Ethereum,288544637.00999945,0.02088569915798226
2022-10-01,Outros ativos,189893460.81000006,0.013745040405683619
2022-10-01,Stablecoins,12239697513.309896,0.8859448669594753
2022-11-01,Bitcoin,1444287214.5399873,0.09210750998470209
2022-11-01,Ethereum,498960845.80000734,0.0318205690833713
2022-11-01,Outros ativos,396929243.42000157,0.025313638370171844
2022-11-01,Stablecoins,13340272800.470001,0.8507582825617548
2022-12-01,Bitcoin,986778441.3400071,0.07184745049123815
2022-12-01,Ethereum,178050626.72000116,0.012963886372332485
2022-12-01,Outros ativos,156527177.47999975,0.01139676158637575
2022-12-01,Stablecoins,12412999456.62016,0.9037919015500536
2023-01-01,Bitcoin,1062416696.1193991,0.06211357782005871
2023-01-01,Ethereum,271973314.3400007,0.015900762560435502
2023-01-01,Outros ativos,221379445.08000422,0.012942821248916908
2023-01-01,Stablecoins,15548650115.929983,0.9090428383705889
2023-02-01,Bitcoin,1085401592.7500215,0.07004117460898887
2023-02-01,Ethereum,240753945.81000295,0.015535898665449169
2023-02-01,Outros ativos,278400853.70000476,0.017965260909456326
2023-02-01,Stablecoins,13892065399.27007,0.8964576658161056
2023-03-01,Bitcoin,1628229958.0500093,0.0800860751410714
2023-03-01,Ethereum,364155182.7900068,0.017911327074990067
2023-03-01,Outros ativos,254353330.12000403,0.012510616088140256
2023-03-01,Stablecoins,18084261083.97992,0.8894919816957982
2023-04-01,Bitcoin,1245736885.909971,0.05593454801267399
2023-04-01,Ethereum,277166782.8000018,0.012445002548608402
2023-04-01,Outros ativos,219149089.07000315,0.009839963304583197
2023-04-01,Stablecoins,20529279185.900063,0.9217804861341344
2023-05-01,Bitcoin,998580329.509969,0.05566462568384093
2023-05-01,Ethereum,199161611.2400026,0.01110201774724095
2023-05-01,Outros ativos,139485447.9500031,0.007775443816613139
2023-05-01,Stablecoins,16601999135.190048,0.925457912752305
2023-06-01,Bitcoin,1113628838.960013,0.052397925677787484
2023-06-01,Ethereum,232533325.45000106,0.010941045596409366
2023-06-01,Outros ativos,249609924.32000136,0.011744525469699353
2023-06-01,Stablecoins,19657528009.600063,0.9249165032561039
2023-07-01,Bitcoin,794898297.1300088,0.036352734474209794
2023-07-01,Ethereum,164948433.8900011,0.007543514234197981
2023-07-01,Outros ativos,291252394.33000624,0.013319717747898108
2023-07-01,Stablecoins,20615159592.93001,0.9427840335436941
2023-08-01,Bitcoin,1073174687.7500303,0.0448616688484357
2023-08-01,Ethereum,272272120.86000407,0.01138172737589563
2023-08-01,Outros ativos,216192642.34000212,0.009037450136342167
2023-08-01,Stablecoins,22360223361.95001,0.9347191536393266
2023-09-01,Bitcoin,733352895.9299386,0.04354538832873475
2023-09-01,Ethereum,138733050.4100024,0.008237759184782218
2023-09-01,Outros ativos,162012619.29000178,0.009620064855941588
2023-09-01,Stablecoins,15807016511.670063,0.9385967876305414
2023-10-01,Bitcoin,1206446218.3098059,0.05510477477768644
2023-10-01,Ethereum,243458129.55000713,0.011120019436461032
2023-10-01,Outros ativos,322477122.630005,0.014729234460511685
2023-10-01,Stablecoins,20121296948.069508,0.9190459713253408
2023-11-01,Bitcoin,1192855129.619985,0.05238766186667067
2023-11-01,Ethereum,360463102.500009,0.015830773293650045
2023-11-01,Outros ativos,726389876.7400016,0.03190149943702789
2023-11-01,Stablecoins,20490064145.070015,0.8998800654026513
2023-12-01,Bitcoin,1508364276.230021,0.06103819842568088
2023-12-01,Ethereum,402423828.0200031,0.016284677284521692
2023-12-01,Outros ativos,626097119.6400099,0.025335948898133665
2023-12-01,Stablecoins,22174923367.029976,0.8973411753916638
2024-01-01,Bitcoin,1936429250.2699878,0.07278649411557882
2024-01-01,Ethereum,566395835.0500016,0.021289684148908274
2024-01-01,Outros ativos,491755245.6900051,0.018484094005360687
2024-01-01,Stablecoins,23609658186.030014,0.8874397277301522
2024-02-01,Bitcoin,3252432861.709893,0.15123312888277587
2024-02-01,Ethereum,723043323.9900787,0.033620403204060276
2024-02-01,Outros ativos,825683135.2800071,0.03839299666542167
2024-02-01,Stablecoins,16704927908.299828,0.7767534712477421
2024-03-01,Bitcoin,7423800083.169382,0.2269534921821111
2024-03-01,Ethereum,1783609076.1500683,0.054526833156200855
2024-03-01,Outros ativos,1784282867.3500183,0.05454743167234044
2024-03-01,Stablecoins,21718974867.199722,0.6639722429893476
2024-04-01,Bitcoin,6230667034.190992,0.19883368967845919
2024-04-01,Ethereum,1192886512.979963,0.038067517561428184
2024-04-01,Outros ativos,1195346072.1400025,0.03814600726727981
2024-04-01,Stablecoins,22717173479.100174,0.7249527854928328
2024-05-01,Bitcoin,3420632057.8600183,0.122888404773399
2024-05-01,Ethereum,845784492.6900213,0.03038535140016765
2024-05-01,Outros ativos,813302673.2600056,0.02921842116435929
2024-05-01,Stablecoins,22755551843.200047,0.817507822662074
2024-06-01,Bitcoin,3388924459.0699267,0.12674410555932775
2024-06-01,Ethereum,718001218.4500321,0.026852891919559623
2024-06-01,Outros ativos,740463361.880004,0.027692965020144008
2024-06-01,Stablecoins,21890931011.97002,0.8187100375009686
2024-07-01,Bitcoin,4297734364.470101,0.14568536319732311
2024-07-01,Ethereum,869282779.660027,0.02946710213709642
2024-07-01,Outros ativos,1001376357.4200029,0.033944833709128715
2024-07-01,Stablecoins,23331717354.809868,0.7909027009564517
2024-08-01,Bitcoin,5274399079.70904,0.15761296204080885
2024-08-01,Ethereum,1276871643.5900018,0.038156293987378395
2024-08-01,Outros ativos,1569369407.9500074,0.046896898999321895
2024-08-01,Stablecoins,25343606789.91091,0.7573338449724908
2024-09-01,Bitcoin,3118286992.9399123,0.0916899691330573
2024-09-01,Ethereum,909809653.9600234,0.026752001748852356
2024-09-01,Outros ativos,807048288.8900049,0.02373041123692272
2024-09-01,Stablecoins,29173885958.470287,0.8578276178811677
2024-10-01,Bitcoin,3865265568.2799063,0.12262543884912698
2024-10-01,Ethereum,1026375893.1400317,0.032561745654250164
2024-10-01,Outros ativos,1009399644.0400064,0.03202317464040154
2024-10-01,Stablecoins,25619870090.100067,0.8127896408562213
2024-11-01,Bitcoin,7355947276.469257,0.19570767946912224
2024-11-01,Ethereum,1992853710.1100395,0.05302060502454672
2024-11-01,Outros ativos,5236045348.5300045,0.13930690993856001
2024-11-01,Stablecoins,23001554446.00998,0.6119648055677711
2024-12-01,Bitcoin,7872842805.030285,0.16510704954510919
2024-12-01,Ethereum,2270612053.1300464,0.04761863865925652
2024-12-01,Outros ativos,5423046765.300085,0.11373061461251938
2024-12-01,Stablecoins,32116761003.550137,0.6735436971831149
2025-01-01,Bitcoin,5820696457.78988,0.13552089370823597
2025-01-01,Ethereum,1427396029.3400505,0.033233477638722475
2025-01-01,Outros ativos,4266902321.740031,0.09934454067503795
2025-01-01,Stablecoins,31435551771.211655,0.7319010879780035
2025-02-01,Bitcoin,4101108705.989543,0.12441948631056865
2025-02-01,Ethereum,1216391555.5700047,0.03690290195807343
2025-02-01,Outros ativos,2328091220.3900013,0.07062966004827656
2025-02-01,Stablecoins,25316357064.86084,0.7680479516830814
2025-03-01,Bitcoin,3914617895.410019,0.11204079986406222
2025-03-01,Ethereum,1086468462.259983,0.031095958479476646
2025-03-01,Outros ativos,2618909511.6599913,0.07495615773943949
2025-03-01,Stablecoins,27319221809.940224,0.7819070839170216
2025-04-01,Bitcoin,3079897503.7802033,0.09071254929915243
2025-04-01,Ethereum,864680253.9300078,0.025467519638675336
2025-04-01,Outros ativos,1334941547.4599817,0.03931817561682482
2025-04-01,Stablecoins,28672756621.099915,0.8445017554453474
2025-05-01,Bitcoin,3743944003.659954,0.11491422402466857
2025-05-01,Ethereum,1586940952.700006,0.04870855118939236
2025-05-01,Outros ativos,1641251137.4800236,0.05037551328458691
2025-05-01,Stablecoins,25608199677.789505,0.7860017115013521
2025-06-01,Bitcoin,3716051732.08047,0.10134552807567582
2025-06-01,Ethereum,1254341719.560089,0.03420886820781636
2025-06-01,Outros ativos,1192123330.2200074,0.03251202543535087
2025-06-01,Stablecoins,30504633734.200222,0.8319335782811569
2025-07-01,Bitcoin,4527780535.519921,0.11315374015379565
2025-07-01,Ethereum,2136917221.8999388,0.05340368733867328
2025-07-01,Outros ativos,2738719041.5200005,0.06844331352796482
2025-07-01,Stablecoins,30610996594.429886,0.7649992589795661
2025-08-01,Bitcoin,3924371549.1106844,0.10451765527308025
2025-08-01,Ethereum,2740626885.60994,0.07299102352508577
2025-08-01,Outros ativos,2491313710.1399875,0.06635107412103139
2025-08-01,Stablecoins,28391138942.2999,0.7561402470808027
2025-09-01,Bitcoin,2761195854.129974,0.08154164753793998
2025-09-01,Ethereum,1238815490.3200088,0.036583806949124706
2025-09-01,Outros ativos,1653569108.0399842,0.04883201211016859
2025-09-01,Stablecoins,28208819161.710064,0.8330425334027667
2025-10-01,Bitcoin,4929596990.5906,0.10686349652365473
2025-10-01,Ethereum,1597323430.6299543,0.03462667784041832
2025-10-01,Outros ativos,2127817321.7799504,0.04612669137112598
2025-10-01,Stablecoins,37475111559.650856,0.812383134264801
2025-11-01,Bitcoin,4921829209.960218,0.10197504031874342
2025-11-01,Ethereum,1144412315.1399176,0.023710999914725375
2025-11-01,Outros ativos,1550218622.8199875,0.03211887284610042
2025-11-01,Stablecoins,40648577988.62834,0.8421950869204309
2025-12-01,Bitcoin,2731966867.230114,0.07069847563857523
2025-12-01,Ethereum,616520161.5800058,0.015954452503425313
2025-12-01,Outros ativos,1087704688.4200096,0.0281478755612408
2025-12-01,Stablecoins,34206322743.710663,0.8851991962967586
2026-01-01,Bitcoin,2709913655.070257,0.0716720925751215
2026-01-01,Ethereum,728472793.1900127,0.019266728065038034
2026-01-01,Outros ativos,1128029677.2100024,0.02983425220992277
2026-01-01,Stablecoins,33243469950.200283,0.8792269271499177
2026-02-01,Bitcoin,3113575334.199946,0.08424370451784996
2026-02-01,Ethereum,747024309.3299875,0.02021216396841005
2026-02-01,Outros ativos,775368384.4800073,0.020979066848691108
2026-02-01,Stablecoins,32323177489.38865,0.8745650646650489
2026-03-01,Bitcoin,2149983517.360083,0.055485781310656186
2026-03-01,Ethereum,656953717.1499786,0.01695435801562074
2026-03-01,Outros ativos,701159453.9000106,0.018095199246348143
2026-03-01,Stablecoins,35240272111.20478,0.9094646614273749
2026-04-01,Bitcoin,1496636866.5899088,0.03678967702682535
2026-04-01,Ethereum,543256521.9400065,0.013354095726926718
2026-04-01,Outros ativos,470987524.1200085,0.011577610630105574
2026-04-01,Stablecoins,38170010781.46932,0.9382786166161423
2026-05-01,Bitcoin,1362370579.7202308,0.02486399541216955
2026-05-01,Ethereum,386160312.100003,0.007047633273457907
2026-05-01,Outros ativos,509656901.63000476,0.009301512417062957
2026-05-01,Stablecoins,52534718862.79157,0.9587868588973095
2026-06-01,Bitcoin,2386411374.0500236,0.046087886363763285
2026-06-01,Ethereum,417892314.439996,0.008070600781421204
2026-06-01,Outros ativos,555334055.7100036,0.01072496264969358
2026-06-01,Stablecoins,48419941714.369934,0.935116550205122
