mes,canal,valor_rs_mi,participacao
2019-08-01,Exchanges no Brasil,2531.017851830215,0.6269532636938344
2019-08-01,Exchanges no exterior,1121.5787892999988,0.2778239916138624
2019-08-01,Sem exchange (P2P),384.4153634300003,0.09522274469230316
2019-09-01,Exchanges no Brasil,2757.3278650800858,0.46929579011346395
2019-09-01,Exchanges no exterior,2204.999555919996,0.37528979484101227
2019-09-01,Sem exchange (P2P),913.1309214100065,0.15541441504552375
2019-10-01,Exchanges no Brasil,3458.4957077099525,0.5324130297982863
2019-10-01,Exchanges no exterior,1544.2591939999797,0.23772870801560106
2019-10-01,Sem exchange (P2P),1493.133655,0.22985826218611258
2019-11-01,Exchanges no Brasil,2974.6046451699044,0.5378859448737622
2019-11-01,Exchanges no exterior,1546.3582856799744,0.27962182771311955
2019-11-01,Sem exchange (P2P),1009.2143744300005,0.1824922274131181
2019-12-01,Exchanges no Brasil,3056.4262129601498,0.4534371634111943
2019-12-01,Exchanges no exterior,1225.9717135299952,0.18187945576707112
2019-12-01,Sem exchange (P2P),2458.1748796000006,0.36468338082173457
2020-01-01,Exchanges no Brasil,3384.789013150331,0.4715889874392887
2020-01-01,Exchanges no exterior,1778.1664739199957,0.24774475563365855
2020-01-01,Sem exchange (P2P),2014.4576911500012,0.2806662569270528
2020-02-01,Exchanges no Brasil,2588.7667171900434,0.3964786765469433
2020-02-01,Exchanges no exterior,2950.1605932000107,0.451827412576789
2020-02-01,Sem exchange (P2P),990.4697803600002,0.15169391087626768
2020-03-01,Exchanges no Brasil,2758.6623824700337,0.35723179957806256
2020-03-01,Exchanges no exterior,3826.3234319700155,0.49548810831519174
2020-03-01,Sem exchange (P2P),1137.3456961600002,0.14728009210674575
2020-04-01,Exchanges no Brasil,1760.1051765701,0.30488993881504844
2020-04-01,Exchanges no exterior,3796.4546143800208,0.6576316179854909
2020-04-01,Sem exchange (P2P),216.36004828999998,0.03747844319946058
2020-05-01,Exchanges no Brasil,2832.91684071007,0.43915534096645653
2020-05-01,Exchanges no exterior,3251.1787741199983,0.503993799808717
2020-05-01,Sem exchange (P2P),366.73527903000013,0.05685085922482645
2020-06-01,Exchanges no Brasil,3191.704976209958,0.4777186829720056
2020-06-01,Exchanges no exterior,2668.348348849998,0.39938524031028505
2020-06-01,Sem exchange (P2P),821.0857845800007,0.12289607671770938
2020-07-01,Exchanges no Brasil,5275.520530640083,0.5023311351983388
2020-07-01,Exchanges no exterior,4125.495620530002,0.3928266199098973
2020-07-01,Sem exchange (P2P),1101.0613849100002,0.10484224489176386
2020-08-01,Exchanges no Brasil,4496.100512040033,0.4641314038315635
2020-08-01,Exchanges no exterior,3717.099166580002,0.3837152772154373
2020-08-01,Sem exchange (P2P),1473.9287400200003,0.15215331895299922
2020-09-01,Exchanges no Brasil,4963.814311560068,0.7181177377761364
2020-09-01,Exchanges no exterior,828.1774596799994,0.1198128871254397
2020-09-01,Sem exchange (P2P),1120.2651616300002,0.16206937509842392
2020-10-01,Exchanges no Brasil,4479.979892280037,0.6959797349031015
2020-10-01,Exchanges no exterior,745.8496264199973,0.11587021320517102
2020-10-01,Sem exchange (P2P),1211.1106213800024,0.18815005189172745
2020-11-01,Exchanges no Brasil,7492.79735951054,0.7584129891918808
2020-11-01,Exchanges no exterior,1010.5487547900005,0.10228667146210964
2020-11-01,Sem exchange (P2P),1376.2280310399992,0.13930033934600952
2020-12-01,Exchanges no Brasil,8106.035477050965,0.7261179056516542
2020-12-01,Exchanges no exterior,1110.1425401400031,0.09944372665323316
2020-12-01,Sem exchange (P2P),1947.3470989900002,0.1744383676951126
2021-01-01,Exchanges no Brasil,12848.225179218454,0.8148650370840836
2021-01-01,Exchanges no exterior,1468.2991893100038,0.09312303113140223
2021-01-01,Sem exchange (P2P),1450.7801475599922,0.09201193178451414
2021-02-01,Exchanges no Brasil,13895.905388819412,0.8088615404050151
2021-02-01,Exchanges no exterior,1791.3708232299994,0.10427323178813908
2021-02-01,Sem exchange (P2P),1492.3085434099978,0.08686522780684586
2021-03-01,Exchanges no Brasil,14976.366792350656,0.8010471136881137
2021-03-01,Exchanges no exterior,2273.5765458700107,0.12160772736605133
2021-03-01,Sem exchange (P2P),1446.044121739994,0.07734515894583492
2021-04-01,Exchanges no Brasil,18594.877710103214,0.7885129638413054
2021-04-01,Exchanges no exterior,2457.616343290001,0.1042148476071733
2021-04-01,Sem exchange (P2P),2529.7151971899916,0.10727218855152132
2021-05-01,Exchanges no Brasil,20537.196772860647,0.7719092663550639
2021-05-01,Exchanges no exterior,3034.8991703600054,0.1140694525140819
2021-05-01,Sem exchange (P2P),3033.6175363399348,0.11402128113085419
2021-06-01,Exchanges no Brasil,11277.870579591177,0.672717271684869
2021-06-01,Exchanges no exterior,2419.3278226999964,0.14431125102138154
2021-06-01,Sem exchange (P2P),3067.4530408699866,0.18297147729374946
2021-07-01,Exchanges no Brasil,9350.618930470688,0.6560478285788144
2021-07-01,Exchanges no exterior,1950.6834293800014,0.13686170269640172
2021-07-01,Sem exchange (P2P),2951.6507376799873,0.20709046872478382
2021-08-01,Exchanges no Brasil,11707.093182131921,0.6824909075802188
2021-08-01,Exchanges no exterior,2114.561819980001,0.12327306131425372
2021-08-01,Sem exchange (P2P),3331.823604130006,0.1942360311055274
2021-09-01,Exchanges no Brasil,8654.20365187142,0.63736250328651
2021-09-01,Exchanges no exterior,2044.491770759997,0.15057218958309096
2021-09-01,Sem exchange (P2P),2879.454542650026,0.21206530713039903
2021-10-01,Exchanges no Brasil,10461.582643155105,0.6707603553596873
2021-10-01,Exchanges no exterior,2221.9974509799977,0.14246676154710036
2021-10-01,Sem exchange (P2P),2913.022417570001,0.18677288309321247
2021-11-01,Exchanges no Brasil,13334.70209049346,0.658626281210968
2021-11-01,Exchanges no exterior,2369.8308599699917,0.11705045045691502
2021-11-01,Sem exchange (P2P),4541.701478530056,0.22432326833211702
2021-12-01,Exchanges no Brasil,10936.11959039203,0.6844174634139207
2021-12-01,Exchanges no exterior,1915.5532616799992,0.11988147107911154
2021-12-01,Sem exchange (P2P),3127.0538388600285,0.19570106550696773
2022-01-01,Exchanges no Brasil,10847.759038662613,0.6847171295831695
2022-01-01,Exchanges no exterior,1961.400906899995,0.1238048148145412
2022-01-01,Sem exchange (P2P),3033.5268662399935,0.19147805560228928
2022-02-01,Exchanges no Brasil,10002.506784269803,0.7329687714350186
2022-02-01,Exchanges no exterior,1344.6146635699988,0.09853135611568198
2022-02-01,Sem exchange (P2P),2299.4446462200112,0.16849987244929931
2022-03-01,Exchanges no Brasil,9909.677138580917,0.7169498240409856
2022-03-01,Exchanges no exterior,1115.596584250001,0.08071168854380045
2022-03-01,Sem exchange (P2P),2796.7216334499903,0.20233848741521396
2022-04-01,Exchanges no Brasil,10478.602580229834,0.7577845868133871
2022-04-01,Exchanges no exterior,1154.5253186500029,0.08349219133565014
2022-04-01,Sem exchange (P2P),2194.815770829964,0.15872322185096271
2022-05-01,Exchanges no Brasil,13178.464147800622,0.7283204620716732
2022-05-01,Exchanges no exterior,1787.376426739987,0.09878107269704417
2022-05-01,Sem exchange (P2P),3128.4803104103685,0.1728984652312827
2022-06-01,Exchanges no Brasil,10028.856389671355,0.6582531116402874
2022-06-01,Exchanges no exterior,2002.0662382500009,0.13140743867818158
2022-06-01,Sem exchange (P2P),3204.639821119945,0.21033944968153093
2022-07-01,Exchanges no Brasil,9747.345440020646,0.6612213486493529
2022-07-01,Exchanges no exterior,1427.534848650002,0.09683831599860739
2022-07-01,Sem exchange (P2P),3566.5454985201477,0.24194033535203976
2022-08-01,Exchanges no Brasil,11656.107759180315,0.7709709082453061
2022-08-01,Exchanges no exterior,1405.0176403099977,0.09293219903507917
2022-08-01,Sem exchange (P2P),2057.613368109976,0.13609689271961467
2022-09-01,Exchanges no Brasil,10223.596292019896,0.8003662157808711
2022-09-01,Exchanges no exterior,1050.4348225799934,0.08223452099033293
2022-09-01,Sem exchange (P2P),1499.6168610899929,0.11739926322879593
2022-10-01,Exchanges no Brasil,11489.994952260615,0.8059841500449588
2022-10-01,Exchanges no exterior,1054.7923230199995,0.07399010160365291
2022-10-01,Sem exchange (P2P),1711.0699293799103,0.12002574835138832
2022-11-01,Exchanges no Brasil,13126.383010750178,0.7925061265835524
2022-11-01,Exchanges no exterior,1321.714795510004,0.07979860653006667
2022-11-01,Sem exchange (P2P),2115.033468619985,0.12769526688638086
2022-12-01,Exchanges no Brasil,11816.704204930305,0.805915610228711
2022-12-01,Exchanges no exterior,1348.12591829,0.09194405675742603
2022-12-01,Sem exchange (P2P),1497.628395950007,0.10214033301386291
2023-01-01,Exchanges no Brasil,15579.636267725431,0.844441245644921
2023-01-01,Exchanges no exterior,1077.0131551300065,0.05837583847692286
2023-01-01,Sem exchange (P2P),1792.9897297499924,0.0971829158781563
2023-02-01,Exchanges no Brasil,14510.859903441193,0.8468204423601375
2023-02-01,Exchanges no exterior,933.5210060000057,0.05447814095882324
2023-02-01,Sem exchange (P2P),1691.317731699996,0.09870141668103932
2023-03-01,Exchanges no Brasil,17963.869613560088,0.8052059960494774
2023-03-01,Exchanges no exterior,1559.2208338199846,0.0698899508605542
2023-03-01,Sem exchange (P2P),2786.566586589985,0.1249040530899685
2023-04-01,Exchanges no Brasil,16808.45905690356,0.6971119574088378
2023-04-01,Exchanges no exterior,4744.298947570007,0.19676446928755442
2023-04-01,Sem exchange (P2P),2558.8052505601454,0.10612357330360775
2023-05-01,Exchanges no Brasil,15005.102940966477,0.741751831508738
2023-05-01,Exchanges no exterior,2038.925304790006,0.1007908166366826
2023-05-01,Sem exchange (P2P),3185.248317600019,0.15745735185457926
2023-06-01,Exchanges no Brasil,16669.876741156626,0.7022028269600494
2023-06-01,Exchanges no exterior,2927.640626739995,0.1233240986926023
2023-06-01,Sem exchange (P2P),4141.886834338281,0.17447307434734824
2023-07-01,Exchanges no Brasil,18297.60704399646,0.7395288304873946
2023-07-01,Exchanges no exterior,2628.9106908500085,0.10625188550532363
2023-07-01,Sem exchange (P2P),3815.732045918971,0.1542192840072818
2023-08-01,Exchanges no Brasil,20147.020298244843,0.7121176912178685
2023-08-01,Exchanges no exterior,3393.0529568900097,0.11993103705022688
2023-08-01,Sem exchange (P2P),4751.627044838419,0.16795127173190466
2023-09-01,Exchanges no Brasil,14226.629360665223,0.6936418722461736
2023-09-01,Exchanges no exterior,2360.9262500900095,0.11511070281168818
2023-09-01,Sem exchange (P2P),3922.4942145185664,0.19124742494213823
2023-10-01,Exchanges no Brasil,18359.814581399194,0.6977806969396538
2023-10-01,Exchanges no exterior,2687.7305318200056,0.10214953290320336
2023-10-01,Sem exchange (P2P),5264.180994886379,0.20006977015714292
2023-11-01,Exchanges no Brasil,17077.21815469254,0.6167224279440889
2023-11-01,Exchanges no exterior,3400.196734660001,0.12279386295190378
2023-11-01,Sem exchange (P2P),7212.867449853605,0.2604837091040073
2023-12-01,Exchanges no Brasil,20892.72858281472,0.6761484556147355
2023-12-01,Exchanges no exterior,3525.084862920002,0.1140818288299006
2023-12-01,Sem exchange (P2P),6481.803952370001,0.20976971555536386
2024-01-01,Exchanges no Brasil,22358.733348683487,0.6735757401186825
2024-01-01,Exchanges no exterior,3534.3924503999942,0.10647655989815889
2024-01-01,Sem exchange (P2P),7300.96362097777,0.21994769998315855
2024-02-01,Exchanges no Brasil,19425.509764153176,0.6789107190678049
2024-02-01,Exchanges no exterior,3557.584123299999,0.12433557855716322
2024-02-01,Sem exchange (P2P),5629.666551542182,0.19675370237503198
2024-03-01,Exchanges no Brasil,22468.153181148333,0.6208100790187653
2024-03-01,Exchanges no exterior,7127.69576036986,0.19694299449273986
2024-03-01,Sem exchange (P2P),6595.820524707057,0.18224692648849486
2024-04-01,Exchanges no Brasil,21255.894955863252,0.6304819025594306
2024-04-01,Exchanges no exterior,6200.686567449981,0.1839217154741438
2024-04-01,Sem exchange (P2P),6257.145816956657,0.1855963819664256
2024-05-01,Exchanges no Brasil,19756.52993058253,0.6694802434275704
2024-05-01,Exchanges no exterior,3895.7242308099467,0.1320125758690067
2024-05-01,Sem exchange (P2P),5857.9967004314185,0.19850718070342296
2024-06-01,Exchanges no Brasil,19400.439791657864,0.6880411896073891
2024-06-01,Exchanges no exterior,3868.1140326299983,0.13718357981205062
2024-06-01,Sem exchange (P2P),4928.071733446789,0.17477523058056013
2024-07-01,Exchanges no Brasil,20077.27737633287,0.649656967960266
2024-07-01,Exchanges no exterior,6043.969350359995,0.19556968452446774
2024-07-01,Sem exchange (P2P),4783.181866399402,0.1547733475152663
2024-08-01,Exchanges no Brasil,24017.931445354025,0.6916624795253012
2024-08-01,Exchanges no exterior,5060.908931430083,0.14574281003878006
2024-08-01,Sem exchange (P2P),5646.089999427574,0.16259471043591864
2024-09-01,Exchanges no Brasil,25333.043076528847,0.7226199726865936
2024-09-01,Exchanges no exterior,3613.991489380048,0.10308838237301997
2024-09-01,Sem exchange (P2P),6110.179507962272,0.17429164494038643
2024-10-01,Exchanges no Brasil,23544.732927671834,0.7178909173031351
2024-10-01,Exchanges no exterior,4024.8202973599477,0.12271882395642532
2024-10-01,Sem exchange (P2P),5227.536639430011,0.1593902587404395
2024-11-01,Exchanges no Brasil,32102.164508593203,0.7681920604839653
2024-11-01,Exchanges no exterior,4036.8512043200317,0.09660024773979575
2024-11-01,Sem exchange (P2P),5650.227055840013,0.13520769177623898
2024-12-01,Exchanges no Brasil,38834.39769574897,0.7480980501183072
2024-12-01,Exchanges no exterior,6074.347371159979,0.11701500972689168
2024-12-01,Sem exchange (P2P),7002.094280430008,0.13488694015480118
2025-01-01,Exchanges no Brasil,35519.934026544805,0.7492914852435999
2025-01-01,Exchanges no exterior,4960.473377859999,0.10464097320761863
2025-01-01,Sem exchange (P2P),6924.287198520022,0.14606754154878154
2025-02-01,Exchanges no Brasil,23922.47291268931,0.6652854385592896
2025-02-01,Exchanges no exterior,5287.485817150004,0.1470453047884009
2025-02-01,Sem exchange (P2P),6748.250372850017,0.18766925665230952
2025-03-01,Exchanges no Brasil,25120.385291506984,0.6641659283789408
2025-03-01,Exchanges no exterior,5828.650185489993,0.1541055527898638
2025-03-01,Sem exchange (P2P),6873.4185486399865,0.1817285188311953
2025-04-01,Exchanges no Brasil,24842.961974617843,0.6716975245851146
2025-04-01,Exchanges no exterior,5226.604565850502,0.1413155706817059
2025-04-01,Sem exchange (P2P),6915.774428240037,0.18698690473317955
2025-05-01,Exchanges no Brasil,23779.913435126808,0.658577503513368
2025-05-01,Exchanges no exterior,5647.280822132093,0.15639973272505067
2025-05-01,Sem exchange (P2P),6680.801093730368,0.18502276376158144
2025-06-01,Exchanges no Brasil,23981.6463051217,0.6138666846261059
2025-06-01,Exchanges no exterior,5530.5875148615605,0.14156840521234482
2025-06-01,Sem exchange (P2P),9554.304413360427,0.24456491016154924
2025-07-01,Exchanges no Brasil,29961.03950118829,0.6651788533903367
2025-07-01,Exchanges no exterior,6127.364966989983,0.13603645503971465
2025-07-01,Sem exchange (P2P),8953.676091780111,0.19878469156994874
2025-08-01,Exchanges no Brasil,26993.243839462888,0.6472366602425026
2025-08-01,Exchanges no exterior,5788.262452159986,0.13878938301835655
2025-08-01,Sem exchange (P2P),8923.862853179933,0.21397395673914077
2025-09-01,Exchanges no Brasil,21081.416992204384,0.5497194995514809
2025-09-01,Exchanges no exterior,7285.381287550247,0.1899737648999025
2025-09-01,Sem exchange (P2P),9982.609025980062,0.26030673554861644
2025-10-01,Exchanges no Brasil,30653.60674662546,0.5895419419817385
2025-10-01,Exchanges no exterior,9283.100212949885,0.17853614983679017
2025-10-01,Sem exchange (P2P),12058.92653782047,0.23192190818147138
2025-11-01,Exchanges no Brasil,36260.11073038499,0.6506796229186479
2025-11-01,Exchanges no exterior,10020.715593899851,0.17981951275592645
2025-11-01,Sem exchange (P2P),9445.693230360046,0.16950086432542572
2025-12-01,Exchanges no Brasil,26640.25903568395,0.6068152110370425
2025-12-01,Exchanges no exterior,7111.491020340155,0.1619864475985548
2025-12-01,Sem exchange (P2P),10150.015343290706,0.23119834136440265
2026-01-01,Exchanges no Brasil,26001.85608257215,0.6355087105445992
2026-01-01,Exchanges no exterior,5794.281564520041,0.1416174443050072
2026-01-01,Sem exchange (P2P),9118.889403111189,0.22287384515039346
2026-02-01,Exchanges no Brasil,25431.9526254424,0.6085698725644454
2026-02-01,Exchanges no exterior,6936.466664169931,0.16598507774972654
2026-02-01,Sem exchange (P2P),9421.281075072167,0.22544504968582815
2026-03-01,Exchanges no Brasil,27028.11075016195,0.6557519485239748
2026-03-01,Exchanges no exterior,6651.052189180069,0.16136682556561394
2026-03-01,Sem exchange (P2P),7537.810660201593,0.18288122591041128
2026-04-01,Exchanges no Brasil,28018.1934133716,0.6437468492528758
2026-04-01,Exchanges no exterior,5832.373410750016,0.13400478579909844
2026-04-01,Sem exchange (P2P),9673.053440411175,0.22224836494802583
2026-05-01,Exchanges no Brasil,35224.71284774782,0.6066100756269127
2026-05-01,Exchanges no exterior,7177.5999039000135,0.12360652702390712
2026-05-01,Sem exchange (P2P),15665.817441119189,0.2697833973491801
2026-06-01,Exchanges no Brasil,35923.42228339409,0.6242992756255145
2026-06-01,Exchanges no exterior,7331.820864080047,0.12741688189816705
2026-06-01,Sem exchange (P2P),14286.746225172079,0.24828384247631838
