criptoativo,grupo,valor_total,n_operacoes,ticket_medio,participacao
USDT,Stablecoins,1207843595389.9656,56353136,21433.47613147857,0.6553703657475595
BTC,Bitcoin,282137539927.8874,162241681,1738.9954183714813,0.15308652828842276
USDC,Stablecoins,118738528697.2085,57091191,2079.804723240202,0.06442697819289452
ETH,Ethereum,64904372778.441536,61373130,1057.5372769555918,0.03521681340926416
XRP,Outros ativos,43739304811.540764,20145949,2171.121589334946,0.023732745118070112
BRZ,Stablecoins,40249045183.05137,95165637,422.9367495648809,0.021838946336499788
SOL,Outros ativos,17684216734.119804,18376564,962.324444010306,0.009595374461754994
CHZ,Outros ativos,8762075249.15105,5095930,1719.426139909899,0.004754261630115913
BUSD,Stablecoins,8589508709.42,188470,45574.938767018626,0.004660627821325615
LTC,Outros ativos,6432727462.750027,11431432,562.722803472918,0.003490368261344079
LINK,Outros ativos,5131869752.7300625,8875418,578.2116124254725,0.0027845288658666675
XLM,Outros ativos,4301398875.759997,6068653,708.7897224903116,0.002333919197148057
ADA,Outros ativos,4084845560.2200184,6737206,606.3115125498639,0.002216418366617543
BCH,Outros ativos,3749598866.099996,6334802,591.9046666494069,0.002034515056139531
DOGE,Outros ativos,3554294345.7500057,5455484,651.5085271535955,0.0019285437239054102
AAVE,Outros ativos,3429424009.8600245,4599961,745.5332794908531,0.0018607896554021818
UNI,Outros ativos,3377043184.590124,7686158,439.366870234794,0.0018323680611276266
MATIC,Outros ativos,2429228676.1800513,8563304,283.6789019962448,0.0013180882790363026
DCR,Outros ativos,2171496441.330001,207771,10451.393319231272,0.0011782439567554208
WBX,Outros ativos,2140316890.780183,3303263,647.9402005774845,0.0011613260763893944
BNB,Outros ativos,963366834.9399995,1492267,645.5726990813303,0.0005227184027579779
BTT,Outros ativos,768670708.5300049,885599,867.967001464551,0.0004170771822705234
BTG,Outros ativos,763274358.5899992,66204,11529.127523865616,0.0004141491476745031
MKR,Outros ativos,627726383.240004,847848,740.3760853832338,0.0003406014412326053
YFI,Outros ativos,557774978.7200049,351105,1588.6272730949572,0.00030264613167116665
MCO2,Outros ativos,427360745.8599982,558288,765.4843841529788,0.00023188397023373716
TRX,Outros ativos,416278994.97000015,1123328,370.57653238413013,0.0002258710632964308
CBRL,Stablecoins,381289819.43,187767,2030.6540522562539,0.00020688609797610557
PAXG,Outros ativos,346774772.17000324,696093,498.17304896041657,0.00018815839247440504
OMG,Outros ativos,310324852.680002,484247,640.8400107383256,0.00016838083422199022
CRV,Outros ativos,298824034.9500011,445477,670.7956526375124,0.0001621405435495268
ETC,Outros ativos,273886467.1500013,430978,635.4998796922379,0.00014860953424309102
NULS,Outros ativos,268479954.8699998,404038,664.4918420297097,0.00014567598560824544
XTZ,Outros ativos,254991847.7600015,513885,496.20410745595126,0.00013835740088116589
SNX,Outros ativos,244270636.3800007,458590,532.6558284742378,0.0001325401210196127
EOS,Outros ativos,232423509.98999983,470667,493.8173060571483,0.00012611192486498919
WAVES,Outros ativos,196513831.61000028,226534,867.4805177589249,0.00010662749894792392
SUSHI,Outros ativos,191638266.9500007,403172,475.3263295814211,0.0001039820400436043
USDP,Stablecoins,186442550.49996904,5827032,31.996143233805654,0.00010116286825416539
PAX,Stablecoins,166430845.33,2401,69317.30334443982,9.03046092986749e-05
DGB,Outros ativos,161270021.86000052,310875,518.7616304302389,8.750437027931729e-05
ZRX,Outros ativos,138406036.44000107,453924,304.9101533296346,7.509847721142052e-05
DAI,Stablecoins,137567681.91999984,262858,523.3536050643307,7.4643589914343e-05
IOTA,Outros ativos,134384952.05999982,198988,675.3419907733121,7.291665536720037e-05
COMP,Outros ativos,115355526.55000035,251237,459.1502308577174,6.259137682612587e-05
FIL,Outros ativos,115043863.97999999,204760,561.8473529009572,6.242227015265378e-05
ZEC,Outros ativos,111886841.16999996,117025,956.0934942960902,6.0709284132311386e-05
ICP,Outros ativos,110417901.52000025,303192,364.1847460355163,5.991224425119119e-05
VET,Outros ativos,95947950.55000006,763484,125.6712001168329,5.206091557274874e-05
PUNDIX,Outros ativos,92965416.70000012,133334,697.2371390643056,5.0442606457570756e-05
DASH,Outros ativos,88895949.98000014,256792,346.1788139038605,4.823453257874803e-05
XMR,Outros ativos,78712826.89000005,133235,590.7819033287053,4.2709216942338084e-05
TUSD,Stablecoins,69503132.58999994,161238,431.0592576811914,3.771207927910813e-05
BSV,Outros ativos,66521761.26000004,94361,704.9709229448612,3.609440094192203e-05
WBTC,Outros ativos,56854418.4999999,205629,276.49027374543425,3.084894533441618e-05
THETA,Outros ativos,42235247.82,61904,682.2700927242181,2.2916650729348372e-05
MBPRK04,Outros ativos,16546808.45,13124,1260.8052765925022,8.978221971140319e-06
MBPRK02,Outros ativos,10176073.10999999,13124,775.3789324900937,5.52149034976785e-06
BRZX,Stablecoins,5696211.030000009,33367,170.7139098510507,3.09073784085522e-06
MBPRK03,Outros ativos,5145801.88,8312,619.0810731472569,2.792088373885247e-06
NANO,Outros ativos,4810977.39,4426,1086.980883416177,2.610414149416065e-06
BRLT,Stablecoins,3000000.0,1,3000000.0,1.6277861676353037e-06
NEO,Outros ativos,1877448.54,2929,640.9861864117446,1.0186949212863655e-06
IMOB01,Outros ativos,1613490.83,107,15079.35355140187,8.754726848934685e-07
OKB,Outros ativos,1109647.71,6692,165.8170517035266,6.020897310953969e-07
MBCONS02,Outros ativos,791919.1499999998,1208,655.5622102649005,4.296916794185023e-07
