mes,top5_participacao,hhi,n_ativos
2019-08-01,0.9922277141944092,9116.131651928139,35.0
2019-09-01,0.995479851137763,5706.075875289035,33.0
2019-10-01,0.9918789085282324,7325.23283561751,29.0
2019-11-01,0.9915895715565985,6264.716553662213,35.0
2019-12-01,0.9959660188457372,6612.323078330371,35.0
2020-01-01,0.9875821233865326,5264.441025560822,34.0
2020-02-01,0.9775941780399181,3709.995421625923,35.0
2020-03-01,0.9863368034094346,3954.1663392840164,36.0
2020-04-01,0.9895864792690574,4782.0667700270615,37.0
2020-05-01,0.9834222787771606,4231.72755440528,40.0
2020-06-01,0.987050831688074,3345.7535597748133,41.0
2020-07-01,0.9823381902562205,3123.633091449476,44.0
2020-08-01,0.9492505184505468,2857.845836098557,48.0
2020-09-01,0.9583240998753412,3889.051406097761,49.0
2020-10-01,0.976726779101433,3662.440675323623,46.0
2020-11-01,0.9371058234003311,3382.0725828143427,50.0
2020-12-01,0.9289106098077156,3367.721872453434,51.0
2021-01-01,0.9147058922547654,3398.9159114429935,52.0
2021-02-01,0.8639113782155013,2715.5606004956066,58.0
2021-03-01,0.8527517006280134,2337.092069585813,57.0
2021-04-01,0.7942479015929783,1929.4032173448218,58.0
2021-05-01,0.7752438247204358,1807.8528892899678,60.0
2021-06-01,0.8839537130154881,2729.992430013754,59.0
2021-07-01,0.8973474331641614,2848.3179898051126,59.0
2021-08-01,0.868868178222345,2440.1795730842987,60.0
2021-09-01,0.8653512808634757,2171.379484551882,59.0
2021-10-01,0.8904413776348508,2491.685691282403,60.0
2021-11-01,0.9126966444857594,3170.4660005878436,59.0
2021-12-01,0.9312015957795989,3385.2491301249524,60.0
2022-01-01,0.9488716606365997,3935.9118363838625,60.0
2022-02-01,0.9431844927424397,3888.7594931349,60.0
2022-03-01,0.9517805779484434,4041.5802109046213,61.0
2022-04-01,0.958322545805388,4898.986338089318,61.0
2022-05-01,0.9327230646300912,4531.982300857683,61.0
2022-06-01,0.9641951795032282,4670.919086252198,61.0
2022-07-01,0.9651839638134327,4419.868202825361,61.0
2022-08-01,0.9622795677923126,5675.1466026821145,61.0
2022-09-01,0.96527751528761,5435.391113335868,59.0
2022-10-01,0.9831456500264526,6542.017644798456,60.0
2022-11-01,0.972249602366158,6055.738165066784,60.0
2022-12-01,0.9858329299007889,6573.433227208807,59.0
2023-01-01,0.9846790205773996,7211.890596461875,58.0
2023-02-01,0.9787651517416615,7137.108781482239,59.0
2023-03-01,0.986240427051112,7355.3981275546275,59.0
2023-04-01,0.9887288676225202,7830.320302693441,60.0
2023-05-01,0.9901845162194975,7135.145051791583,60.0
2023-06-01,0.9861286178999954,7254.491747605552,61.0
2023-07-01,0.9856690703445288,7648.873258776854,60.0
2023-08-01,0.989903666002559,7404.1257564694315,61.0
2023-09-01,0.989844313733683,7188.091641523221,59.0
2023-10-01,0.9847655142569708,7156.828566619917,59.0
2023-11-01,0.967819927694115,6773.647591388953,60.0
2023-12-01,0.9744513075444428,7100.989655081129,59.0
2024-01-01,0.9813308373294773,6701.225554436512,60.0
2024-02-01,0.961440230382727,5002.101939686361,60.0
2024-03-01,0.9445262055182949,3874.0248453624827,60.0
2024-04-01,0.9574530637529817,4540.646793424753,60.0
2024-05-01,0.9623963073774211,5856.657226265792,60.0
2024-06-01,0.9640796370084294,5611.614060604347,60.0
2024-07-01,0.9518798492472799,5323.337905067521,60.0
2024-08-01,0.9428516012159008,5063.158099578626,59.0
2024-09-01,0.963035361977569,6204.552895100533,59.0
2024-10-01,0.9490356386830504,5363.941876407783,59.0
2024-11-01,0.8612229804884596,3339.6146686382194,58.0
2024-12-01,0.8726817870652345,4108.060340730056,60.0
2025-01-01,0.9027863967995163,4810.892127322106,58.0
2025-02-01,0.930357577490602,5334.219486098882,56.0
2025-03-01,0.9411733129623139,5325.839460469623,57.0
2025-04-01,0.9579381812305833,6284.52826406786,56.0
2025-05-01,0.9428702829219819,5058.37885230404,56.0
2025-06-01,0.9742242999876405,6240.136811223054,56.0
2025-07-01,0.9455490641896792,5071.881638233816,56.0
2025-08-01,0.952517578379384,5032.226555977673,56.0
2025-09-01,0.9700771741954428,5534.3343580072415,55.0
2025-10-01,0.970340413826122,5020.034195090797,56.0
2025-11-01,0.9776727384992164,5467.629243253611,55.0
2025-12-01,0.9748254855875558,6049.044174319694,56.0
2026-01-01,0.9754519896205853,6016.657227117998,54.0
2026-02-01,0.9790195384762078,5810.969887802311,53.0
2026-03-01,0.981902863318288,6548.244816915349,53.0
2026-04-01,0.9884143282543105,6713.610159348084,51.0
2026-05-01,0.9906940372453863,6922.626460778707,52.0
2026-06-01,0.9892745172873727,5061.389158847891,50.0
