mes,cpf_unicos,cnpj_unicos,cpf_yoy,cnpj_yoy,cpf_media_6m,cnpj_media_6m
2019-08-01,182935,1990,,,,
2019-09-01,157808,2260,,,,
2019-10-01,126549,2294,,,,
2019-11-01,109435,1936,,,,
2019-12-01,93843,2987,,,,
2020-01-01,104950,2877,,,117992.0,2277.0
2020-02-01,104590,2173,,,107192.5,2277.0
2020-03-01,100692,2248,,,104770.0,2271.0
2020-04-01,106036,1398,,,104770.0,2210.5
2020-05-01,126228,1817,,,104770.0,2210.5
2020-06-01,99382,2700,,,104770.0,2210.5
2020-07-01,116589,3777,,,105313.0,2210.5
2020-08-01,126597,3377,-0.3079673107934512,0.6969849246231157,111312.5,2474.0
2020-09-01,104721,3514,-0.33640246375342187,0.5548672566371682,111312.5,3038.5
2020-10-01,111508,3172,-0.11885514701815103,0.3827375762859633,114048.5,3274.5
2020-11-01,169139,4107,0.5455658610133869,1.1213842975206614,114048.5,3445.5
2020-12-01,202730,4469,1.1603103055102673,0.49614998326079673,121593.0,3645.5
2021-01-01,353334,4236,2.3666888994759407,0.47236704900938475,147868.0,3810.5
2021-02-01,423038,4477,3.0447270293527104,1.0602853198343305,185934.5,4171.5
2021-03-01,470821,4410,3.675853096571724,0.9617437722419928,278032.0,4323.0
2021-04-01,619125,5506,4.8388188916971595,2.938483547925608,388186.0,4439.5
2021-05-01,596906,7070,3.7287923440124215,2.891029168959824,446929.5,4473.0
2021-06-01,357085,7380,2.5930550803968524,1.7333333333333334,446929.5,4991.5
2021-07-01,312276,7268,1.6784345006818824,0.9242785279322214,446929.5,6288.0
2021-08-01,437459,6983,2.4555242225329192,1.0678116671602012,454140.0,7026.5
2021-09-01,422631,7766,3.035780788953505,1.2100170745589072,430045.0,7169.0
2021-10-01,531374,5602,3.7653441905513505,0.766078184110971,430045.0,7169.0
2021-11-01,526734,6898,2.1142078408882634,0.6795714633552472,430045.0,7125.5
2021-12-01,952285,8164,3.6973067626892915,0.8268068919221303,482096.5,7125.5
2022-01-01,844261,10469,1.3894134162011014,1.4714353163361662,529054.0,7374.5
2022-02-01,645032,11612,0.5247613689550348,1.5937011391556846,588203.0,7965.0
2022-03-01,669983,14109,0.4230100186695156,2.1993197278911563,657507.5,9316.5
2022-04-01,683268,35084,0.10360266505148386,5.371957864148202,676625.5,11040.5
2022-05-01,682120,31008,0.14275949647013086,3.385855728429986,682694.0,12860.5
2022-06-01,1002603,32016,1.8077432544072138,3.338211382113821,682694.0,22558.5
2022-07-01,1503913,32800,3.8159736899409493,3.5129334067143647,682694.0,31512.0
2022-08-01,1457352,38555,2.3314024857186615,4.5212659315480455,842935.5,32408.0
2022-09-01,1588847,41417,2.7594189730521426,4.333118722637137,1229977.5,33942.0
2022-10-01,1351605,43647,1.5436039399744814,6.791324526954659,1404478.5,35677.5
2022-11-01,1255892,50007,1.3843002350332427,6.249492606552624,1404478.5,39986.0
2022-12-01,851844,65579,-0.10547367647290462,7.032704556589907,1404478.5,42532.0
2023-01-01,1444234,116415,0.7106487211893004,10.119973254370045,1397919.5,46827.0
2023-02-01,1205787,127775,0.869344466631113,10.003703065794006,1303748.5,57793.0
2023-03-01,1640154,153148,1.4480531595577797,9.85463179530796,1303748.5,90997.0
2023-04-01,2064521,168320,2.0215391325219385,3.7976285486261547,1350063.0,122095.0
2023-05-01,2013872,198027,1.9523720166539613,5.386319659442725,1542194.0,140461.5
2023-06-01,3489636,217043,2.4805760605144807,5.779204147926037,1827013.0,160734.0
2023-07-01,4406776,241659,1.9302067340331521,6.36765243902439,2039196.5,183173.5
2023-08-01,9078782,278735,5.229642529738869,6.2295422124238105,2777078.5,207535.0
2023-09-01,9180376,293982,4.778011350369167,6.098099814086003,3948206.0,229351.0
2023-10-01,9092656,330814,5.727302725278466,6.579306710655945,6742779.0,260197.0
2023-11-01,9208489,372390,6.332230000668847,6.4467574539564465,9085719.0,286358.5
2023-12-01,1951011,374578,1.2903383718145576,4.711858979246405,9085719.0,312398.0
2024-01-01,8888313,402012,5.154344102133034,2.4532663316582917,9085719.0,351602.0
2024-02-01,8541633,421419,6.083865558344882,2.2981334376834277,8990484.5,373484.0
2024-03-01,7329462,23874,3.4687645184537548,-0.8441115783425184,8714973.0,373484.0
2024-04-01,6849893,23841,2.317909093683232,-0.858359077946768,7935547.5,373484.0
2024-05-01,6094024,25131,2.026023500997084,-0.8730930630671575,7089677.5,199854.5
2024-06-01,5789067,22020,0.6589314759476346,-0.8985454495192197,7089677.5,24502.5
2024-07-01,5411759,23866,0.22805402407565079,-0.9012410048870516,6471958.5,23870.0
2024-08-01,5093357,25921,-0.43898234366680466,-0.907004861248139,5941545.5,23870.0
2024-09-01,4567521,25882,-0.5024690709835851,-0.9119605962269799,5600413.0,24498.5
2024-10-01,1884039,23294,-0.7927955264116447,-0.9295858095485681,5252558.0,24498.5
2024-11-01,2999797,26024,-0.6742356970834195,-0.9301162759472597,4830439.0,24874.0
2024-12-01,6190941,84816,2.1731963581958276,-0.7735691898616577,4830439.0,25901.5
2025-01-01,6028331,93180,-0.3217688215975293,-0.7682158741530103,4830439.0,25972.5
2025-02-01,4763310,91305,-0.442341997133335,-0.7833391470246951,4665415.5,55420.0
2025-03-01,4814142,91349,-0.3431793493164983,2.8262963893775654,4788726.0,88060.5
2025-04-01,5112080,100126,-0.2536992913611935,3.199739943794304,4963111.0,91327.0
2025-05-01,5266356,110683,-0.13581633416606165,3.404241773108909,5189218.0,92264.5
2025-06-01,1328657,25578,-0.7704885778658288,0.16158038147138964,4963111.0,92264.5
2025-07-01,4495622,93008,-0.16928636326931779,2.897092097544624,4788726.0,92178.5
2025-08-01,5170252,117058,0.0150971157136639,3.5159523166544497,4963111.0,96567.0
2025-09-01,4812426,103877,0.05361880109582429,3.013484274785565,4962253.0,102001.5
2025-10-01,4980864,107365,1.6437159740323848,3.6091268137717867,4896645.0,105621.0
2025-11-01,4893669,105746,0.6313333868925131,3.06340301260375,4853047.5,104811.5
2025-12-01,3565329,69154,-0.42410547928012887,-0.18465855498962458,4853047.5,104811.5
2026-01-01,4011675,70050,-0.33452973965762667,-0.24822923374114614,4853047.5,104811.5
2026-02-01,4048093,82641,-0.1501512603630668,-0.09489075078035158,4430259.5,93259.0
2026-03-01,4262232,92133,-0.11464348164221161,0.008582469430426176,4155162.5,87387.0
2026-04-01,5077018,110721,-0.0068586563590553595,0.10581667099454695,4155162.5,87387.0
2026-05-01,4726702,116407,-0.10247199391761586,0.05171525889251294,4155162.5,87387.0
2026-06-01,4667864,107067,2.5132197399328797,3.185901946985691,4465048.0,99600.0
