mes,volume_bi,acum_12m_bi,yoy_mensal,yoy_acum_12m
2019-08-01,4.037012004560214,,,
2019-09-01,5.875458342410088,,,
2019-10-01,6.495888556709932,,,
2019-11-01,5.53017730527988,,,
2019-12-01,6.740572806090146,,,
2020-01-01,7.177413178220328,,,
2020-02-01,6.529397090750054,,,
2020-03-01,7.722331510600049,,,
2020-04-01,5.772919839240121,,,
2020-05-01,6.4508308938600685,,,
2020-06-01,6.681139109639957,,,
2020-07-01,10.502077536080085,79.51521817344093,,
2020-08-01,9.687128418640036,85.16533458752075,1.3995787992944888,
2020-09-01,6.912256932870068,86.20213317798073,0.17646258896538947,
2020-10-01,6.436940140080037,86.14318476135082,-0.009074727208643996,
2020-11-01,9.879574145340541,90.49258160141149,0.7864841577336263,
2020-12-01,11.163525116180969,94.91553391150231,0.6561686131621722,
2021-01-01,15.76730451608845,103.50542524937043,1.1967948792378182,
2021-02-01,17.17958475545941,114.15561291407978,1.6311134882265113,
2021-03-01,18.695987459960662,125.1292688634404,1.4210288608171817,
2021-04-01,23.582209250583205,142.9385582747835,3.084970847904115,
2021-05-01,26.60571347956059,163.093440860484,3.124385512087138,
2021-06-01,16.76465144316116,173.1769531940052,1.5092504688268042,
2021-07-01,14.252953097530677,176.9278287554558,0.3571555769384094,1.2250813469383388
2021-08-01,17.15347860624193,184.39417894305768,0.7707495828418145,1.1651318560084296
2021-09-01,13.578149965281442,191.06007197546907,0.9643583994560228,1.2164193034642095
2021-10-01,15.596602511705104,200.21973434709412,1.4229839290553312,1.3242666834501007
2021-11-01,20.246234428993507,210.5863946307471,1.0493023414923353,1.3271122439440095
2021-12-01,15.978726690932058,215.4015962054982,0.43133342959668686,1.2694029873585828
2022-01-01,15.8426868118026,215.47697850121236,0.004780924706390577,1.0817940507183508
2022-02-01,13.646566094059814,211.94395983981275,-0.20565215700436856,0.8566232043214048
2022-03-01,13.821995356280908,207.069967736133,-0.2606972279007941,0.6548483789361739
2022-04-01,13.8279436697098,197.31570215525957,-0.4136281498151907,0.38042320096682425
2022-05-01,18.094320884950974,188.80430956064995,-0.31990845128616285,0.15764501971700962
2022-06-01,15.235562449041302,187.27522056653012,-0.09120911337191107,0.08140960510334794
2022-07-01,14.741425787190796,187.76369325619024,0.03427168295002292,0.06124454573910709
2022-08-01,15.11873876760029,185.7289534175486,-0.11861966224747111,0.007238701797105618
2022-09-01,12.773647975689883,184.92445142795702,-0.05924974990323606,-0.03211356765478357
2022-10-01,14.255857204660524,183.58370612091247,-0.08596393387844325,-0.08308885375575414
2022-11-01,16.563131274880167,179.9006029667991,-0.18191546517109236,-0.14571592679457768
2022-12-01,14.662458519170311,178.58433479503736,-0.0823762867481006,-0.17092380956794906
2023-01-01,18.449639152605428,181.19128713584018,0.1645524128432989,-0.15911533382290888
2023-02-01,17.135698641141193,184.68041968292158,0.2556784265750309,-0.12863560809893781
2023-03-01,22.309657033970055,193.1680813606107,0.6140692033898156,-0.06713617878782563
2023-04-01,24.111563255033715,203.45170094593465,0.743683936741097,0.031097366928491743
2023-05-01,20.229276563356503,205.58665662434018,0.117990373442596,0.08888752117334064
2023-06-01,23.7394042022349,214.09049837753378,0.5581573887827622,0.1431864703183059
2023-07-01,24.74224978076544,224.09132237110842,0.6784163308181912,0.19347525863454185
2023-08-01,28.29170029997327,237.26428390348138,0.8713002939506342,0.27747601834633207
2023-09-01,20.5100498252738,245.00068575306534,0.605653284348169,0.3248690687532625
2023-10-01,26.311726108105578,257.05655465651034,0.8456782872028032,0.40021443126988054
2023-11-01,27.690282339206142,268.1837057208363,0.6718023832366491,0.4907326673625989
2023-12-01,30.899617398104724,284.42086459977077,1.1073967478036013,0.5926417338127827
2024-01-01,33.19408942006125,299.1653148672266,0.7991728263895956,0.6511021009687987
2024-02-01,28.612760438995355,310.64237666508075,0.6697749556763808,0.6820536643701789
2024-03-01,36.19166946622525,324.5243890973359,0.6222423057027542,0.6800104179297934
2024-04-01,33.71372734026989,334.12655318257214,0.39823896873345843,0.6422893081211598
2024-05-01,29.510250861823895,343.4075274810395,0.4587892339797772,0.6703784823376624
2024-06-01,28.196625557734652,347.8647488365392,0.1877562434814659,0.6248490777162086
2024-07-01,30.904428593092266,354.0269276488661,0.2490549108075566,0.5798332746797605
2024-08-01,34.72493037621168,360.4601577251045,0.22738930527425705,0.5192348034638832
2024-09-01,35.057214073871165,375.00732197370183,0.7092700589479513,0.5306378462616606
2024-10-01,32.79708986446179,381.49268573005804,0.24648188148926997,0.4840807550689552
2024-11-01,41.78924276875325,395.59164615960515,0.5091663659053651,0.4750771121471231
2024-12-01,51.91083934733896,416.6028681088394,0.6799832398741283,0.4647408821257595
2025-01-01,47.40469460292482,430.81347329170296,0.42810649218397345,0.44005154301695537
2025-02-01,35.95820910268933,438.158921955397,0.2567193291033574,0.41049307779343414
2025-03-01,37.822454025636965,439.78970651480864,0.04505966658801408,0.3551822953525403
2025-04-01,36.985340968708385,443.06132014324714,0.09704099447143189,0.3260284641345199
2025-05-01,36.10799535098926,449.65906463241254,0.22357466631029488,0.309403634599243
2025-06-01,39.066538233343685,460.5289773080215,0.3855040261236966,0.3238736573576271
2025-07-01,45.042080559958386,474.66662927488767,0.4574636261039351,0.3407641967440269
2025-08-01,41.70536914480281,481.64706804347884,0.2010209579389992,0.3362005695253407
2025-09-01,38.3494073057347,484.93926127534235,0.09390915162072933,0.29314611438266724
2025-10-01,51.995633497395815,504.1378049082764,0.5853733886840109,0.32148747214776563
2025-11-01,55.72651955464489,518.075081694168,0.3335135040138333,0.309620884878711
2025-12-01,43.90176539931481,510.06600774614384,-0.15428519455127443,0.22434588619511553
2026-01-01,40.915027050203385,503.5763401934224,-0.1368992587565585,0.16889645151012234
2026-02-01,41.7897003646845,509.4078314554176,0.16217412956639787,0.16260974256110994
2026-03-01,41.216973599543614,512.8023510293242,0.08974879238681233,0.166017174647213
2026-04-01,43.52362026453279,519.3406303251486,0.17678028982769534,0.17216422809655207
2026-05-01,58.06813019276702,541.3007651669265,0.6081792862858588,0.2038026312433603
2026-06-01,57.54198937264622,559.7762163062289,0.4729226590016504,0.21550704491679906
