mes,pf_declarante_rs_mi,pj_declarante_rs_mi,base_autodeclarada_rs_mi,share_pf_autodeclarada,share_pj_autodeclarada
2019-08-01,491.125038499999,1014.86911423,1505.994152729999,0.3261135095443162,0.6738864904556838
2019-09-01,440.85244443000033,2677.278032900002,3118.1304773300026,0.14138357828037207,0.8586164217196279
2019-10-01,620.0847092999998,2417.3081396999796,3037.39284899998,0.20415031578946208,0.7958496842105379
2019-11-01,17.821959139999997,2537.750700969975,2555.572660109975,0.006973763422258969,0.993026236577741
2019-12-01,167.06431099000008,3517.0822821399956,3684.146593129996,0.04534681418528049,0.9546531858147195
2020-01-01,752.5697644299995,3040.0544006399973,3792.6241650699967,0.1984298289720226,0.8015701710279775
2020-02-01,181.03335606000138,3759.5970175000093,3940.630373560011,0.04594020217543361,0.9540597978245664
2020-03-01,240.82591265000002,4722.843215480016,4963.669128130015,0.04851772074919253,0.9514822792508075
2020-04-01,21.768311470000008,3991.046351200021,4012.814662670021,0.005424698945731012,0.994575301054269
2020-05-01,24.864809599999994,3593.049243549998,3617.9140531499984,0.006872692174196627,0.9931273078258034
2020-06-01,23.618808789999985,3465.8153246399984,3489.4341334299984,0.006768664455856479,0.9932313355441436
2020-07-01,82.13957649999995,5144.417428940003,5226.557005440002,0.015715809932715916,0.9842841900672841
2020-08-01,345.1223697,4845.9055369000025,5191.027906600002,0.06648439883384229,0.9335156011661577
2020-09-01,105.10242696999997,1843.3401943399995,1948.4426213099996,0.05394176139471651,0.9460582386052835
2020-10-01,72.69467287999997,1884.2655749199998,1956.9602477999997,0.03714672945540043,0.9628532705445996
2020-11-01,130.06590090000003,2256.71088493,2386.77678583,0.05449437151902318,0.9455056284809769
2020-12-01,180.01290812000008,2877.4767310100033,3057.4896391300035,0.058876048447124754,0.9411239515528752
2021-01-01,366.8685894,2552.210747469996,2919.079336869996,0.12567955408617895,0.8743204459138211
2021-02-01,402.142764539999,2881.536602099998,3283.679366639997,0.12246712289436738,0.8775328771056327
2021-03-01,286.09965621,3433.5210114000047,3719.6206676100046,0.07691635297688292,0.9230836470231171
2021-04-01,373.24124366000035,4614.090296819993,4987.331540479992,0.07483786482421795,0.925162135175782
2021-05-01,560.3749794299998,5508.14172726994,6068.51670669994,0.09234134245874587,0.9076586575412542
2021-06-01,278.9184225800002,5207.862440989983,5486.780863569983,0.05083462042960496,0.949165379570395
2021-07-01,348.47198216999755,4553.862184889991,4902.334167059988,0.07108286997477,0.92891713002523
2021-08-01,498.8318149200004,4947.553609190007,5446.385424110007,0.09158951783173047,0.9084104821682695
2021-09-01,823.3366395499986,4100.6096738600245,4923.946313410022,0.1672107263451876,0.8327892736548124
2021-10-01,713.1181627200046,4421.901705829994,5135.019868549998,0.13887349630087634,0.8611265036991237
2021-11-01,648.3154737799994,6263.216864720049,6911.532338500048,0.09380198804375381,0.9061980119562462
2021-12-01,592.3264982200035,4450.280602320025,5042.607100540028,0.11746433668341312,0.8825356633165868
2022-01-01,384.832999019999,4610.09477411999,4994.927773139989,0.07704475750168442,0.9229552424983156
2022-02-01,255.27788186000006,3388.78142793001,3644.05930979001,0.070053163288034,0.929946836711966
2022-03-01,261.96182893000014,3650.356388769991,3912.3182176999912,0.06695821105370223,0.9330417889462977
2022-04-01,267.4214626099995,3081.919626869967,3349.341089479967,0.07984300656924746,0.9201569934307525
2022-05-01,291.10613165,4624.750605500355,4915.856737150356,0.059217781805974604,0.9407822181940254
2022-06-01,646.3030694399674,4560.4029899299785,5206.706059369946,0.12412897176649441,0.8758710282335056
2022-07-01,230.98599015000195,4763.094357020148,4994.080347170149,0.04625195713578939,0.9537480428642107
2022-08-01,221.75584644000006,3240.875161979973,3462.6310084199736,0.06404258666336758,0.9359574133366324
2022-09-01,192.23828588999967,2357.8133977799866,2550.0516836699862,0.07538603516197522,0.9246139648380248
2022-10-01,266.5910203899999,2499.2712320099095,2765.8622523999097,0.09638622464248958,0.9036137753575104
2022-11-01,366.5330599800004,3070.2152041499885,3436.748264129989,0.10665112245944149,0.8933488775405585
2022-12-01,312.4170590199998,2533.337255220007,2845.7543142400073,0.10978356685841817,0.8902164331415818
2023-01-01,117.69748819999982,2752.305396679999,2870.002884879999,0.041009536547877375,0.9589904634521226
2023-02-01,230.63636227000234,2394.2023754299994,2624.8387377000017,0.08786686928892858,0.9121331307110714
2023-03-01,142.2826895699999,4203.50473083997,4345.78742040997,0.032740370341579506,0.9672596296584205
2023-04-01,143.91032538998599,7159.193872740167,7303.104198130152,0.01970536384060247,0.9802946361593975
2023-05-01,89.06448996000005,5135.109132430025,5224.173622390025,0.017048531767451792,0.9829514682325482
2023-06-01,172.23716371999998,6897.290297358276,7069.527461078276,0.024363320556891874,0.9756366794431082
2023-07-01,139.7274969300001,6304.91523983898,6444.642736768979,0.021681185852678073,0.9783188141473219
2023-08-01,199.08814814000002,7945.591853588428,8144.6800017284295,0.024443949682215922,0.975556050317784
2023-09-01,116.45205504000009,6166.968409568575,6283.420464608576,0.018533226559629006,0.981466773440371
2023-10-01,231.59010683000008,7720.321419876384,7951.911526706384,0.029123828409333773,0.9708761715906662
2023-11-01,201.4551811600004,10411.609003353606,10613.064184513605,0.01898181125239591,0.981018188747604
2023-12-01,218.1397596499998,9788.749055640003,10006.888815290004,0.02179895906474884,0.9782010409352512
2024-01-01,380.71733902999995,10454.638732347765,10835.356071377764,0.035136578486394864,0.9648634215136052
2024-02-01,679.3416856299995,8507.908989212181,9187.25067484218,0.07394395882658,0.92605604117342
2024-03-01,750.4130865499999,12973.103198526918,13723.516285076917,0.05468081728922537,0.9453191827107746
2024-04-01,885.4654424999997,11572.36694190664,12457.832384406638,0.07107700723348383,0.9289229927665161
2024-05-01,295.20805083999966,9458.512880401366,9753.720931241365,0.030266198194623582,0.9697338018053764
2024-06-01,253.57403803999986,8542.611728036787,8796.185766076787,0.02882772656052001,0.97117227343948
2024-07-01,375.42168609999993,10451.729530659397,10827.151216759397,0.03467409649907567,0.9653259035009243
2024-08-01,318.94500645000005,10388.053924407657,10706.998930857657,0.02978845972710411,0.9702115402728959
2024-09-01,371.15372328,9353.01727406232,9724.17099734232,0.03816816090352985,0.9618318390964702
2024-10-01,316.5361782300002,8935.82075855996,9252.356936789958,0.0342114101728354,0.9657885898271646
2024-11-01,695.7278995599995,8991.350360600045,9687.078260160044,0.07182020015480964,0.9281797998451904
2024-12-01,790.8835211799997,12285.558130409987,13076.441651589987,0.060481554711318185,0.9395184452886818
2025-01-01,949.3550229500022,10935.405553430019,11884.76057638002,0.07988002929034742,0.9201199707096526
2025-02-01,827.3482772800005,11208.38791272002,12035.736190000021,0.0687409780522947,0.9312590219477053
2025-03-01,496.16177462999997,12205.90695949998,12702.06873412998,0.03906149344766432,0.9609385065523357
2025-04-01,680.1341309600002,11462.244863130538,12142.378994090539,0.056013251710476865,0.9439867482895231
2025-05-01,805.90766962,11522.17424624246,12328.081915862462,0.06537169975996379,0.9346283002400362
2025-06-01,723.39392828,14361.497999941988,15084.891928221987,0.04795486316521887,0.9520451368347811
2025-07-01,1660.1621270800006,13420.878931690095,15081.041058770094,0.11008272708829771,0.8899172729117023
2025-08-01,950.3763549400012,13761.74895039992,14712.12530533992,0.06459816887197475,0.9354018311280252
2025-09-01,1010.0442678799959,16257.946045650315,17267.99031353031,0.058492288305754786,0.9415077116942452
2025-10-01,846.425492169999,20495.601258600356,21342.026750770354,0.0396600333255344,0.9603399666744656
2025-11-01,719.9548769299979,18746.4539473299,19466.408824259895,0.03698447327545892,0.963015526724541
2025-12-01,507.0698241299991,16754.43653950086,17261.506363630862,0.029375757448282153,0.9706242425517179
2026-01-01,204.47002463000007,14708.70094300123,14913.17096763123,0.013710700767381973,0.986289299232618
2026-02-01,238.72072416999984,16119.027015072099,16357.747739242099,0.014593740408241584,0.9854062595917584
2026-03-01,155.66974333000095,14033.193106051662,14188.862849381661,0.010971262812423683,0.9890287371875763
2026-04-01,84.98849251000225,15420.438358651189,15505.426851161192,0.005481209471098018,0.994518790528902
2026-05-01,113.42695131000015,22729.990393709202,22843.417345019203,0.004965410805083936,0.995034589194916
2026-06-01,143.99419681999984,21474.572892432127,21618.567089252127,0.006660672570273536,0.9933393274297264
