mes,serie,valor,valor_mes_anterior,razao_sobre_mes_anterior,tipo
2022-04-01,CNPJ,35084,14109,2.4866397335034374,salto
2023-08-01,CPF,9078782,4406776,2.0601868576936972,salto
2023-12-01,CPF,1951011,9208489,0.21187091606451394,queda
2024-01-01,CPF,8888313,1951011,4.555747251040614,salto
2024-03-01,CNPJ,23874,421419,0.05665145615171599,queda
2024-10-01,CPF,1884039,4567521,0.41248611664839635,queda
2024-12-01,CNPJ,84816,26024,3.259145404242238,salto
2024-12-01,CPF,6190941,2999797,2.063786649563287,salto
2025-06-01,CNPJ,25578,110683,0.23109239901339862,queda
2025-06-01,CPF,1328657,5266356,0.2522915275761836,queda
2025-07-01,CNPJ,93008,25578,3.6362499022597543,salto
2025-07-01,CPF,4495622,1328657,3.3835835734881163,salto
