mes,r4_rs_mi,r1_rs_mi,cobertura
2019-08-01,3979.518640160042,4037.0120045602143,0.985758436106896
2019-09-01,5784.722268430008,5875.458342410088,0.9845567666908415
2019-10-01,6470.922612149916,6495.888556709932,0.9961566544219377
2019-11-01,5510.457625539919,5530.17730527988,0.9964341686258171
2019-12-01,5946.124880790096,6740.572806090146,0.8821394044461234
2020-01-01,6709.940079420214,7177.413178220328,0.9348688605222494
2020-02-01,6346.250114069948,6529.397090750054,0.9719503999933525
2020-03-01,7505.847161769967,7722.331510600049,0.9719664522906165
2020-04-01,5739.594942409972,5772.919839240121,0.9942273757893482
2020-05-01,6381.252365630086,6450.8308938600685,0.9892140207401487
2020-06-01,6528.5570820899675,6681.139109639957,0.9771622735216163
2020-07-01,10372.1134837,10502.077536080085,0.9876249197424424
2020-08-01,9389.849330690035,9687.128418640035,0.9693119493101822
2020-09-01,6666.045381359971,6912.256932870067,0.9643804398619387
2020-10-01,6286.571583179958,6436.940140080037,0.9766397459619363
2020-11-01,9699.632641080028,9879.57414534054,0.9817865120891494
2020-12-01,11072.003585500272,11163.525116180968,0.9918017355872617
2021-01-01,15565.258108631324,15767.30451608845,0.987185735694331
2021-02-01,16747.377288669013,17179.584755459407,0.9748417978116121
2021-03-01,18141.26994378171,18695.987459960663,0.9703295951943198
2021-04-01,22784.98227457194,23582.209250583204,0.9661937112193358
2021-05-01,25981.603259961386,26605.71347956059,0.9765422483377991
2021-06-01,16546.23765331025,16764.65144316116,0.9869717667205059
2021-07-01,13610.05470972997,14252.953097530677,0.9548936712692832
2021-08-01,16125.672047060305,17153.47860624193,0.9400817418568604
2021-09-01,12748.493114810255,13578.149965281442,0.938897651551016
2021-10-01,13968.799841780523,15596.602511705103,0.8956309447071611
2021-11-01,18187.2104072906,20246.234428993506,0.8983008900285037
2021-12-01,14890.795204610346,15978.726690932059,0.9319137558727307
2022-01-01,15022.87481392014,15842.686811802601,0.9482529694854719
2022-02-01,12847.14995892013,13646.566094059814,0.9414199785037747
2022-03-01,13215.4583704602,13821.995356280908,0.9561179865723881
2022-04-01,13204.895146430097,13827.9436697098,0.9549427927852718
2022-05-01,17255.039696549957,18094.320884950976,0.9536163200742699
2022-06-01,14888.819883570186,15235.562449041301,0.9772412363093996
2022-07-01,14424.71698067003,14741.425787190796,0.978515727644475
2022-08-01,14774.443520729908,15118.738767600289,0.9772272507539973
2022-09-01,12264.200631299964,12773.647975689883,0.9601173176715476
2022-10-01,13815.416703429879,14255.857204660524,0.9691045936482405
2022-11-01,15680.450104229998,16563.13127488017,0.9467080737330836
2022-12-01,13734.35570216017,14662.458519170312,0.9367021010973909
2023-01-01,17104.41957146939,18449.63915260543,0.9270869435434963
2023-02-01,15496.621791530099,17135.698641141193,0.9043472411637874
2023-03-01,20330.99955493994,22309.657033970056,0.911309372617549
2023-04-01,22271.331943680038,24111.563255033714,0.9236784736066628
2023-05-01,17939.226523890025,20229.276563356503,0.8867952577397308
2023-06-01,21253.300098330077,23739.404202234902,0.8952752106697448
2023-07-01,21866.25871828003,24742.24978076544,0.8837619421043434
2023-08-01,23921.862812900046,28291.700299973272,0.8455434830448365
2023-09-01,16841.115077300004,20510.0498252738,0.8211152688935598
2023-10-01,21893.67841855933,26311.726108105577,0.8320882608995681
2023-11-01,22769.772253930012,27690.282339206144,0.8223019171491338
2023-12-01,24711.80859092001,30899.617398104725,0.7997448082459346
2024-01-01,26604.23851704001,33194.08942006125,0.8014751716900965
2024-02-01,21506.08722927981,28612.760438995356,0.7516257396811632
2024-03-01,32710.66689386919,36191.66946622525,0.9038175739418544
2024-04-01,31336.073098411132,33713.72734026989,0.9294751892052371
2024-05-01,27835.27106701009,29510.250861823894,0.9432407469981676
2024-06-01,26738.32005136998,28196.625557734653,0.9482808500124
2024-07-01,29500.110856359996,30904.428593092267,0.9545593366173364
2024-08-01,33464.24692115996,34724.93037621168,0.9636951480854414
2024-09-01,34009.03089426023,35057.21407387117,0.9701007850366475
2024-10-01,31520.91119556001,32797.08986446179,0.9610886613972228
2024-11-01,37586.40078111928,41789.24276875325,0.8994276586706537
2024-12-01,47683.262627010554,51910.83934733896,0.918560809775365
2025-01-01,42950.54658008162,47404.69460292482,0.9060399384459195
2025-02-01,32961.94854681039,35958.20910268933,0.9166738102189063
2025-03-01,34939.217679270216,37822.454025636966,0.9237691889475912
2025-04-01,33952.27592627011,36985.340968708384,0.9179927786794121
2025-05-01,32580.33577162949,36107.995350989266,0.9023025359046102
2025-06-01,36667.15051606079,39066.53823334369,0.9385820237526192
2025-07-01,40014.413393369745,45042.080559958384,0.8883784429119346
2025-08-01,37547.45108716051,41705.36914480281,0.9003025715176903
2025-09-01,33862.39961420003,38349.4073057347,0.882996687386517
2025-10-01,46129.84930265137,51995.633497395815,0.8871869847486668
2025-11-01,48265.03813654847,55726.51955464489,0.8661053753629857
2025-12-01,38642.514460940794,43901.76539931481,0.8802041127381155
2026-01-01,37809.886075670554,40915.02705020338,0.9241075663784172
2026-02-01,36959.14551739859,41789.7003646845,0.8844080047205101
2026-03-01,38748.36879961485,41216.97359954361,0.940107082487102
2026-04-01,40680.89169411925,43523.62026453279,0.9346853834047886
2026-05-01,54792.906656241816,58068.13019276702,0.9435968830810887
2026-06-01,51779.57945856996,57541.98937264622,0.8998573046065811
