criptoativo,mes,n_operacoes,valor_total,valor_medio,grupo,valor_total_mi,ticket_vs_mediana,ops_vs_mediana
BRZ,2024-11-01,15585053,1262838032.8000035,81.02879295951085,Stablecoins,1262.8380328000035,0.06421069003625962,67.92589412574856
BRZ,2024-10-01,8062339,927794773.5599988,115.0776187357042,Stablecoins,927.7947735599987,0.09119243958677095,35.13889784782211
USDT,2025-01-01,7907642,29089650305.971733,3678.6756792950077,Stablecoins,29089.650305971732,0.07073461515536308,40.487852582318276
BRZ,2024-12-01,5437529,1062953844.8899908,195.4847219922856,Stablecoins,1062.9538448899907,0.15491047604452443,23.698926090253746
USDT,2025-02-01,5042198,23642387048.10088,4688.90492759326,Stablecoins,23642.387048100878,0.09015958852261657,25.816516391973746
BRZ,2024-08-01,4999130,749133406.7011042,149.85275571971607,Stablecoins,749.1334067011041,0.11874974928240749,21.788207913110938
BRZ,2024-06-01,4332388,674492271.2700003,155.6860261061568,Stablecoins,674.4922712700003,0.12337228286585356,18.88227961750682
BRZ,2024-09-01,4258835,710435513.7999994,166.8145194166948,Stablecoins,710.4355137999994,0.13219097815223904,18.56170622641016
BRZ,2024-05-01,4072879,719812516.0000038,176.73309617103868,Stablecoins,719.8125160000038,0.14005088367856555,17.751235606384185
BRZ,2024-07-01,4029768,655550274.3699988,162.67692690249137,Stablecoins,655.5502743699988,0.12891217242501293,17.56334062638924
BRZ,2023-08-01,2954232,552297070.270006,186.95115017033393,Stablecoins,552.297070270006,0.14814810781530371,12.875724583990726
USDC,2024-12-01,2863659,1066396075.3999621,372.38933664935735,Stablecoins,1066.396075399962,0.043925634476237464,51.833746628776225
USDC,2026-02-01,2650367,4183796622.8199105,1578.5725610151012,Stablecoins,4183.79662281991,0.1862024351536626,47.97304831031549
USDC,2025-08-01,2559708,2220768273.2998505,867.5865658504214,Stablecoins,2220.7682732998505,0.10233722241065009,46.33207232971926
USDC,2025-07-01,2552573,2513241920.859801,984.5915947789939,Stablecoins,2513.2419208598008,0.1161386920736696,46.202925045703836
